sequence,irt
QLQQIERQLK,30.483830533968415
LNTEVTTWRTK,35.665988815455016
ENLLALNTHSR,45.73828027074454
WKFLQEQNK,44.35514443854728
MQALVEKLQNK,36.60904931367565
PIQM[UNIMOD:35]C[UNIMOD:4]C[UNIMOD:4]PSC[UNIMOD:4]NK,1.87086934417895
ENKVC[UNIMOD:4]VSTWQK,24.62125063548551
EEEFEATRK,5.3940010167768175
PSFLTEQELK,58.45527838855611
KIQQLEAER,10.794685384808226
ELVFQTEEDHK,38.20255703183755
EDSITKLQK,13.96288764616167
TEELALSHYR,35.33467034344447
ELLKEALNMER,58.26773627475558
GDEEEYWNSSK,32.015760040671076
AMAQTQELVNK,25.866802236909002
C[UNIMOD:4]YYSNYYGGLR,50.67361464158616
C[UNIMOD:4]DNPPSPSPKK,-6.138790035587192
SPAQLFC[UNIMOD:4]R,45.635497618450735
ELMELKTK,31.113060917523182
NFQPRISYPAK,39.52788940278515
RALEELHQK,2.1509150162948076
MTIDNLNEMER,57.41484494153533
HC[UNIMOD:4]DKAELYDTK,4.844941535332992
ESFQQVVKLK,48.474834773767164
MAAEADGPLKR,13.883178741539234
LNQILRIK,45.89621459012284
AM[UNIMOD:35]AQTQELVNK,13.955261820030504
ITQLKEVLEEK,47.62328418912049
ENLASLERER,30.821138827811055
NC[UNIMOD:4]LGC[UNIMOD:4]FYPC[UNIMOD:4]PK,57.14031520081343
EEFEYIAFR,76.41840366039654
QREEGLQEGR,-2.5266903914590744
ELEVRQVALR,41.243965931205295
EHLNIQDPDK,21.286222674123035
MNEYFSTKYK,34.17899222862873
NSFSSYAQLPK,54.857651245551594
FSRENHSEIER,-0.9125571936959839
TENNDHINLK,12.085829100007581
EAELLKLR,47.47643238051913
MVLVKDQC[UNIMOD:4]IQK,30.663446873411292
EYLEQHSR,2.8240976105744764
C[UNIMOD:4]VSNTPGYC[UNIMOD:4]R,9.69496695475343
EAQLHASLDR,18.668022369089986
PLC[UNIMOD:4]C[UNIMOD:4]QTTC[UNIMOD:4]R,3.9350974296762464
EIQLLLRER,60.61669591376284
LELYDEHVSSR,37.68797230014911
MEEAEQLALK,45.305033045246574
ATFC[UNIMOD:4]GPC[UNIMOD:4]ENWK,46.20742247076766
M[UNIMOD:35]NEYFSTKYK,27.05189270493858
TEELEETKR,0.6227758007117419
RAWAAQVEER,22.781610938408267
QYNLQERR,6.998256122526353
TFVSWFQQR,82.21657346212507
MSSQQSAVSAK,-1.570920183019828
VPTC[UNIMOD:4]SC[UNIMOD:4]SSC[UNIMOD:4]GK,-5.739705134722931
ELLKEALNM[UNIMOD:35]ER,40.940518556176926
C[UNIMOD:4]QSLNFVSR,44.0721911540417
WQEMGYIFYPR,88.76715810879513
SEVEAEERGAR,-2.0926529683827417
MPVDVC[UNIMOD:4]PRDR,24.07119578841815
KSHSLDSLSR,6.352469290549006
GQVLSVMYR,54.73802958134871
QMLRDFVTTR,48.766608172474314
LNTEVTTWR,48.12150482968988
RELLQAIGR,42.573356585032975
C[UNIMOD:4]LKELMELK,60.71697167209826
QVIDSLTKTLK,53.67564819522115
GVC[UNIMOD:4]GFRGGSK,0.9801955377287541
ANAAAAALDKK,6.9375995147471405
RLQDVAGR,3.308312482624412
KDPVMPQK,1.4890950112810213
M[UNIMOD:35]VLVKDQC[UNIMOD:4]IQK,18.74936451448907
EQVFSSHIR,25.84729698991584
PAC[UNIMOD:4]C[UNIMOD:4]GPTSTQK,-9.546252193532213
EC[UNIMOD:4]RMYMTESFK,41.71072699542451
AWAAQVEER,32.09964412811388
C[UNIMOD:4]AYC[UNIMOD:4]FFLNPAR,81.08524780751635
PWNEVEDRLR,44.299542548083
TVSLGNELQK,39.57041179461108
YTNMMTGR,22.331411381298576
EEGLQEGRER,-1.028634973589102
EHLNIQDPDKR,14.445856634468731
ILEEVMEK,46.00152516522624
TEELEETK,3.968413136124338
KNMAC[UNIMOD:4]YC[UNIMOD:4]R,-1.115567811481575
QALEEKASALR,20.95685798771704
IDALLSSSQIR,57.90798169801729
EC[UNIMOD:4]YQSLHYR,21.283680732079308
PEPDMLYAQK,42.4224707676665
HQEELLLLEQR,62.05929183410418
ASSFLGEK,29.937327651040363
M[UNIMOD:35]QLVQESEEK,13.69070184749918
M[UNIMOD:35]SKMNEYFSTK,30.017793594306053
ARHEALLQGR,6.876410127851589
KLIDQAYK,17.661413319776305
HPFYSDHSR,0.9477594965501555
QEQDHC[UNIMOD:4]MHLEK,2.7876660817247387
ATQESTLDRWK,30.376034093757838
QLEQYM[UNIMOD:35]GQR,12.048805287239453
QYDSFTFTASK,55.35926403315895
MDPHSVNSR,-5.271997994484832
TRLVPEGR,10.551516670844823
PC[UNIMOD:4]C[UNIMOD:4]LPLGHQPR,28.43670564311134
LTWMMKTK,50.23815492604663
PALAPPSK,17.697000508388406
M[UNIMOD:35]VDPVPEEEK,20.4336926548007
QLEQYMGQR,30.87188612099645
EAQLHASLDRK,8.82562277580071
NWLGYTKK,33.350279613624814
ANITLSGK,20.762095763349212
ILEGC[UNIMOD:4]MYR,38.74693557762782
VC[UNIMOD:4]VSTWQK,30.34824605998983
ESLNQLRR,13.702682376535474
LGC[UNIMOD:4]MLASM[UNIMOD:35]IFR,84.54245043213015
VARLC[UNIMOD:4]AEAER,9.67463141840366
TWSTNLANIK,59.82714794102696
MRDAVLFEK,41.62054237116789
MEVMMYGLYR,79.48107295061419
SHSLDSLSRR,7.230773119013321
PAC[UNIMOD:4]C[UNIMOD:4]QNTC[UNIMOD:4]C[UNIMOD:4]R,-11.935322135873655
LEREYEVK,9.884499709353758
IQLELAQVK,63.324860193187604
KQYNLQER,4.690777668258902
ATQESTLDR,-0.360992730007521
PPQVLGPQQR,24.664493138221246
AWAAQVEERR,23.073451992980697
QHVETVKTLC[UNIMOD:4]K,5.414336553126587
HPFYSEHSR,0.8239189223342698
PTC[UNIMOD:4]C[UNIMOD:4]QNTC[UNIMOD:4]C[UNIMOD:4]R,-11.850087741288544
ELAERQGLLR,30.533019940859806
LLQQIRLAQK,44.071195788418144
VLTTYSWRVR,50.233780675815694
TAYKYVFEK,36.45399084900865
LGC[UNIMOD:4]MLASMIFR,104.30859176410779
PAVC[UNIMOD:4]VPVR,36.53296939368666
KILEEVMEK,37.44534586903227
EEGLQEGR,0.39107545750814443
AKGAPATEPPK,-7.643519679117576
HWPSEQDPEK,16.660348270022997
WDHFNLTYR,57.77071682765633
LPEFSFEK,69.2628368073208
IQQLEAER,17.249222837212827
SPWAMTER,42.00470088710289
C[UNIMOD:4]FTATGQTR,10.55160142348754
SPWAMTERK,27.81392984239959
PEWIHVDSR,43.469541238405604
C[UNIMOD:4]GWSEGLTSIK,59.385810980195544
RSNYSELR,6.11368059241287
KILEEVM[UNIMOD:35]EK,20.40842115904668
C[UNIMOD:4]AVKPVELLPR,53.74428063040163
GQDFVIFFWK,112.86537979443469
ILEEVM[UNIMOD:35]EK,27.557193695983734
M[UNIMOD:35]NEYFSTK,25.688073394495415
C[UNIMOD:4]VENYTGAR,12.568554603583792
PPAC[UNIMOD:4]LLC[UNIMOD:4]GK,36.658310353472054
GKEVENFEK,7.3843416370106745
LILERFDPDSK,56.7215103495337
IKTLYEGK,15.241484494153537
GC[UNIMOD:4]GQYISYR,29.600915099135744
NM[UNIMOD:35]LAFLLTWEK,105.49761845073952
PQGPPPHPGK,-7.521606507371632
NLLSPRETR,21.46670055922725
VSQHQVPVLR,25.579396972224327
DWERLVATAM[UNIMOD:35]K,59.55973412186925
C[UNIMOD:4]DNMRVFK,24.224732731821973
ENLASLER,35.447381799694966
RLTPEQPR,3.194581343038393
WSSNLMEHK,32.147941026944586
ALLGTYKR,23.185988323603002
TFKWSSTLTK,47.65124555160142
QSLRPEQTR,-1.8904642757853751
AWGAQGQDR,9.049313675648198
VLTTYSWR,52.960800667222685
HLVSQC[UNIMOD:4]PTGR,1.8247529506912312
ENSYKSEEHGK,4.933567310102783
MPVDVC[UNIMOD:4]PR,34.35688866293849
QIIIEANDR,36.32689374682258
NWILISTTTPK,79.66446365022878
ILEGC[UNIMOD:4]M[UNIMOD:35]YR,22.905490097768865
FAYRVQPR,22.09827024316871
C[UNIMOD:4]LKELM[UNIMOD:35]ELK,38.64006100660905
LQDVAGRGC[UNIMOD:4]C[UNIMOD:4]R,1.0892915813683144
FLC[UNIMOD:4]IAFSYIR,99.00864260294865
EALNMERNNR,5.6756079217849065
MNEYFSTK,34.95932892730046
C[UNIMOD:4]GMLIGPDK,43.962887646161676
NNEALDDLK,34.3467208947636
TAKLILER,31.927801453998494
ASWAFSHR,31.870142892955627
YEEEALSWGQR,54.8784156430183
QYVLTALAAR,66.6497203863752
FPSPLAPR,54.062729041878335
HEALLQGRTR,4.837315709201832
HLVSQC[UNIMOD:4]PTGRR,-4.518917279551142
QQREAVLGR,6.2855409811206355
PWNEVEDR,28.53584138281648
MAGAMPAR,11.901372648703612
ARMAVLWR,53.6826272248684
LIGKPLQPAR,22.214031520081342
ASKPTTPPENR,-7.671581087951197
ILEGC[UNIMOD:4]MYRK,24.60091509913574
ALMHLNATLR,49.49579194783533
RNVSLELSC[UNIMOD:4]R,31.2634265928678
PRDC[UNIMOD:4]PENMK,-6.01905239408373
VPIKMQVK,24.960194101144896
GAFNRAMK,5.056405114063674
SLNEQRMK,20.223113562296316
VPGPLAPR,30.455007625826134
LPLPSC[UNIMOD:4]C[UNIMOD:4]R,36.63153638132787
PARIPDPLDR,46.507371631926794
M[UNIMOD:35]AAEADGPLKR,5.457549567869854
VYINM[UNIMOD:35]PGR,18.76410127851592
C[UNIMOD:4]DNPPSPSPRK,-4.959328927300459
M[UNIMOD:35]DLESQISDM[UNIMOD:35]R,35.043213014743266
FSLKLNGGR,46.07169716720983
RPTVC[UNIMOD:4]MGR,6.384107968761847
MMPVDVC[UNIMOD:4]PR,48.12596355548816
THSFSM[UNIMOD:35]LRK,2.857142857142859
LEGELSDLKR,32.082290797887126
LPEFSFEKR,56.27416786716203
EHLPLPSTR,33.65178052417419
ASTLMLRR,23.61058457805747
NPC[UNIMOD:4]PSAPTWAR,36.25470042617197
GYGGYGYGC[UNIMOD:4]C[UNIMOD:4]R,26.100660904931367
M[UNIMOD:35]TIDNLNEM[UNIMOD:35]ER,23.364251692153424
VPIKM[UNIMOD:35]QVK,1.0142348754448378
MVDPVPEEEK,34.96441281138791
M[UNIMOD:35]EVMMYGLYR,68.48500254194205
ATQPPDLR,17.27702378244497
APTRLAPR,0.33592379042366594
LKGQVLSVM[UNIMOD:35]YR,37.63345195729537
GSFLNAKR,16.476868327402137
QLEQHMGQR,-0.7910632597871935
YTLTPARLR,37.70619202807721
DTPQDIIIK,52.97661413319778
ANAAAAALDK,15.917641077783426
LC[UNIMOD:4]AEAERK,-4.926046628227625
PSC[UNIMOD:4]C[UNIMOD:4]RPC[UNIMOD:4]C[UNIMOD:4]C[UNIMOD:4]LR,7.943488260419038
QVIDSLTK,35.06863243518048
ALM[UNIMOD:35]HLNATLR,30.864103924987994
HPQLLLPK,43.017285205897316
ASPEIISGR,27.383931053655825
TC[UNIMOD:4]PQMSGELPR,33.59488593632489
TC[UNIMOD:4]PQM[UNIMOD:35]SGELPR,16.883579054397565
TNQRMQALVEK,20.488052872394512
SFTKMSSMNER,19.83203810478816
AVSPVSPPQHR,11.82803851694594
GMC[UNIMOD:4]IYLDPK,61.04329365380241
VTVVGPPM[UNIMOD:35]AK,28.41637010676157
SMM[UNIMOD:35]DNIRK,0.9201830198271482
EETNTRSFDR,2.6638360249703044
MLM[UNIMOD:35]NFLSEKK,48.63751906456533
NIGMVEIR,54.93972249601941
C[UNIMOD:4]YVPVC[UNIMOD:4]C[UNIMOD:4]C[UNIMOD:4]K,29.247585155058463
LKC[UNIMOD:4]QENTSK,2.4212095938534643
QLEQHMGQRGR,-6.32850607829757
MEVMM[UNIMOD:35]YGLYR,65.97864768683273
MNAEAHVR,-1.098019553772877
GPILPGTK,34.70513472292832
FPSPLAPRR,39.590747330960866
M[UNIMOD:35]TIDNLNEMER,43.238434163701065
LVPEGRNVTFR,33.09350714464778
PGPRPLC[UNIMOD:4]PPAR,17.188566229433626
EIHRAIIK,4.733015793431933
AVGTSALSK,12.610574478901885
AIVADPRVPR,29.88561260803254
HM[UNIMOD:35]VVTVTR,6.154118330932339
WAAVAGRWGC[UNIMOD:4]R,44.84331912760089
GLLEPERTK,21.980172852058978
GLRGVPER,8.315009983066695
HLVSQRPAGR,-7.773878164953625
GQVLSVM[UNIMOD:35]YR,41.4260294865277
ASGVGSSC[UNIMOD:4]K,15.49761845073953
YFIDKQM[UNIMOD:35]LR,35.88967971530249
M[UNIMOD:35]YMTESFK,36.45462127530518
FRNGLGPVK,20.66621174210832
ADAIFSQER,35.67366745014785
M[UNIMOD:35]AGAMPAR,-1.516670844823265
MVPLGDSR,29.815250082139155
GM[UNIMOD:35]C[UNIMOD:4]IYLDPK,40.7295061418902
ARAPPPPPPLR,24.29932313863123
C[UNIMOD:4]KASYPLK,8.345195729537366
M[UNIMOD:35]EVM[UNIMOD:35]MYGLYR,58.21301474326385
VTVVGPPMAK,42.54448398576513
EC[UNIMOD:4]RMYM[UNIMOD:35]TESFK,27.618200305033046
SPWAM[UNIMOD:35]TERK,11.072699542450433
MRM[UNIMOD:35]YSSDAHER,-5.442297915607525
M[UNIMOD:35]SKM[UNIMOD:35]NEYFSTK,15.48551093035079
PLQPARPVR,7.8368073207930875
C[UNIMOD:4]C[UNIMOD:4]PFSRGK,1.9879669089997474
SPAQEDGK,1.133116069190273
M[UNIMOD:35]YM[UNIMOD:35]TESFK,21.419364622033516
AGLIVIFR,88.52073697778451
M[UNIMOD:35]GWLRPGPR,30.01996613339399
SC[UNIMOD:4]HLHSFM[UNIMOD:35]R,3.3375699034062
QLEQYM[UNIMOD:35]GQRGR,3.713777325876971
M[UNIMOD:35]MPVDVC[UNIMOD:4]PR,38.52200065711325
SC[UNIMOD:4]C[UNIMOD:4]LSHHR,-0.6431113370615154
LRAIVADPR,27.23734425152274
PKLLTTEEKK,5.49260466282276
VKPLLNVAR,36.22013218098628
GVASGC[UNIMOD:4]SPSK,19.496114314364505
TNQRM[UNIMOD:35]QALVEK,1.2404677173360437
MMPVDVC[UNIMOD:4]PRDR,37.3075958886939
C[UNIMOD:4]SGSC[UNIMOD:4]HLPR,-0.995236901479068
SPWAM[UNIMOD:35]TER,21.59187766357483
SFTKM[UNIMOD:35]SSMNER,4.1459074733096095
SALEGSERSR,21.642094560244033
SRAEDLNTR,19.660322996436424
PKLLTTEEK,15.208439247585154
RYTLTPAR,15.672151034953371
SEQLTRER,14.775632990724489
ILEGC[UNIMOD:4]M[UNIMOD:35]YRK,12.02592780884596
C[UNIMOD:4]GM[UNIMOD:35]LIGPDK,24.181767634645034
LQEVYRQQR,7.612404276290849
M[UNIMOD:35]RMYSSDAHER,-5.4346720894763605
ILERIM[UNIMOD:35]EFIK,70.92272496187087
QGPFSHGAPGR,10.640179947936414
MM[UNIMOD:35]PVDVC[UNIMOD:4]PR,33.6821088280638
MGRIPGGC[UNIMOD:4]SSK,4.585663446873412
YTNM[UNIMOD:35]MTGR,2.803762074224707
SFTKM[UNIMOD:35]SSM[UNIMOD:35]NER,-8.76410127851592
WSSNLM[UNIMOD:35]EHK,15.076258261311642
SLNEQRM[UNIMOD:35]K,7.473399550130161
SAPSTGGVKK,3.6044738179969484
TPKLPSPR,18.96277200697551
M[UNIMOD:35]QSLRPEQTR,0.9553415725225569
THSFSM[UNIMOD:35]LR,16.02657307595889
GAPGGKINR,3.73665480427046
M[UNIMOD:35]ALPLRPLTR,47.908610710946
LRC[UNIMOD:4]GM[UNIMOD:35]LIGPDK,26.548007019303082
WPWQVSLRVR,88.22261218350464
M[UNIMOD:35]RPVDADEAR,-3.126588713777327
PVNLTMRR,23.507144647781395
EC[UNIMOD:4]RM[UNIMOD:35]YMTESFK,30.27961362480936
EQIIAKAK,3.5848583604913506
DVPPLQAAR,33.614641586171835
M[UNIMOD:35]GAPGGKINR,-8.162446728503385
PC[UNIMOD:4]C[UNIMOD:4]C[UNIMOD:4]RPC[UNIMOD:4]C[UNIMOD:4]C[UNIMOD:4]LR,8.179994986212078
VYINMPGR,46.51499745805796
ALPLRPLTR,44.85808881138322
M[UNIMOD:35]PVDVC[UNIMOD:4]PR,18.035078800203358
PPPPPPGPRK,-2.0437214031520092
GTPTARC[UNIMOD:4]LGQR,6.657062703768292
SVRLASSGM[UNIMOD:35]TR,2.4631418403660383
MAVSHMKSM[UNIMOD:35]R,-4.6853848082226115
M[UNIMOD:35]PVDVC[UNIMOD:4]PRDR,10.752414844941532
WSSNLM[UNIMOD:35]EHKR,5.7600406710727
QM[UNIMOD:35]LRDFVTTR,36.91408235892222
SEVEAEER,27.341128622267412
LTWM[UNIMOD:35]M[UNIMOD:35]KTK,18.37061514997458
GGLFSRWR,53.86054034928096
M[UNIMOD:35]VPLGDSR,16.079055778805575
MAVSHM[UNIMOD:35]KSMR,-4.682877914264227
NNSSMVGK,98.62371521684634
QLGWFTRR,51.92963833497611
SAPSTGGVK,16.0574478901881
EDIHDKNAK,20.3224909646928
RTHSFSMLR,20.91752318876912
IATFFFPKR,-1.5442466783655042
QLEQHMGQRGRNIC[UNIMOD:4]SEAAQK,19.014790674354476
EYMEQQEINEPSLSSKR,37.38428853255096
LTATSVSQVQENGFVKK,40.189185087763676
YPVIQTDDERER,26.08123830239264
PDNFISGQC[UNIMOD:4]GAGNNWAK,48.458244623591604
NC[UNIMOD:4]VLLGNIC[UNIMOD:4]YNC[UNIMOD:4]GR,62.00033490419348
GPASSHC[UNIMOD:4]QLTLSSSK,17.815097784825333
C[UNIMOD:4]IIILVLQEPTPFR,113.1797258333755
C[UNIMOD:4]ESKC[UNIMOD:4]QPSC[UNIMOD:4]LK,-2.13381814702294
EEEQRAAWNALR,38.42126561788659
QGLEVKEAPSSNSGNR,12.145061359232592
EC[UNIMOD:4]VC[UNIMOD:4]MSGGIC[UNIMOD:4]M[UNIMOD:35]C[UNIMOD:4]GDNC[UNIMOD:4]K,31.25347766705448
YQEAMKTSLGVPQR,34.11907531994537
IC[UNIMOD:4]GMQVYQTDKK,25.376003075296715
DSQC[UNIMOD:4]GGGM[UNIMOD:35]C[UNIMOD:4]C[UNIMOD:4]AVSIWVK,64.21923213111437
LPQGLPAEENMSNTC[UNIMOD:4]LK,54.25447934358778
LGNDFHTNK,4.0189185087763635
NGQC[UNIMOD:4]NIAFANMDEKSQR,37.66756032171582
DC[UNIMOD:4]ERILHEC[UNIMOD:4]DLQTER,32.295513177196625
YLDLFTNYISLYNTC[UNIMOD:4]MK,108.7242542401263
C[UNIMOD:4]GEIGHVAINC[UNIMOD:4]SK,23.61778542161971
PTC[UNIMOD:4]C[UNIMOD:4]QTTC[UNIMOD:4]YR,4.01645814893668
ESHALNWNK,18.153860938926528
DQVKTQYEHSVQINR,20.0038441208976
AMDQLAKTTQETIDK,41.020979355548654
QLAQKYNC[UNIMOD:4]DK,-4.532348626637664
GNAHC[UNIMOD:4]VDYETQNPK,5.573762648613736
IC[UNIMOD:4]GMQVYQTDK,35.06925340286582
NGQC[UNIMOD:4]NIAFANMDEK,46.50144726455039
C[UNIMOD:4]PFSC[UNIMOD:4]PTTC[UNIMOD:4]C[UNIMOD:4]R,26.048724232377108
QMYC[UNIMOD:4]VFNHNEDAC[UNIMOD:4]R,38.01153320855886
NGQC[UNIMOD:4]NIAFANM[UNIMOD:35]DEK,30.368633830107882
TYSEKVEEYNLR,31.315169862092162
PSYC[UNIMOD:4]QTTC[UNIMOD:4]C[UNIMOD:4]R,4.765208238643158
NM[UNIMOD:35]VLC[UNIMOD:4]LM[UNIMOD:35]NQTYR,45.216850465277616
PQC[UNIMOD:4]C[UNIMOD:4]QTTC[UNIMOD:4]C[UNIMOD:4]R,-11.464919823966817
ILHEC[UNIMOD:4]DLQTER,21.546297631060494
APSMDAQQERHK,-7.044948927110497
AGDAAVITGAC[UNIMOD:4]DK,22.229247812231275
DPYGGSEGTFSSR,27.02916058656078
DTEPVELNC[UNIMOD:4]NFSFSR,70.27163741210988
TANQASDTFSGIGKK,24.465071576711008
KMC[UNIMOD:4]EMATSGDR,3.370813512084956
TTC[UNIMOD:4]FHPIC[UNIMOD:4]C[UNIMOD:4]GSSC[UNIMOD:4]C[UNIMOD:4],33.17820830593353
GPKQIVDHSR,-4.9850776468207805
KC[UNIMOD:4]AQSTSAC[UNIMOD:4]LGVR,12.04651386286099
C[UNIMOD:4]TTC[UNIMOD:4]NC[UNIMOD:4]KTYWK,15.750065784752296
M[UNIMOD:35]SVC[UNIMOD:4]SSDLSYSSR,25.639308183623182
VPYIEQHQFK,34.602779704805876
YPVIQTDDER,32.85170920747314
KNGQC[UNIMOD:4]NIAFANMDEK,36.40647800397101
APSMDAQQER,4.322233434241506
AGEMTDVLPSQR,43.23613137813076
EGIEKAGVC[UNIMOD:4]PADNVR,21.212504426121708
YISDGVEC[UNIMOD:4]SPPASPAR,31.73456450493984
KNDPTFLEK,24.376531641920135
IC[UNIMOD:4]GM[UNIMOD:35]QVYQTDK,17.52027366456953
C[UNIMOD:4]HHSTSDNELEGR,-5.827305377105571
C[UNIMOD:4]QRFGNALAQR,19.480082648599296
KEADAVFPR,24.15068953918601
GFTESLDPRR,33.864302532314646
FQPYC[UNIMOD:4]DSWSDVSLK,68.39939717245174
VDPVLADGSATEMSDR,45.1977130827931
AC[UNIMOD:4]PATQALEEHQK,17.462861517115996
KC[UNIMOD:4]C[UNIMOD:4]C[UNIMOD:4]SC[UNIMOD:4]C[UNIMOD:4]PVGC[UNIMOD:4]AK,-1.631348805919947
YQEAM[UNIMOD:35]KTSLGVPQR,21.388417099251253
VIIEKYYTR,32.00966437815468
PFMLSIQR,66.97659891403583
PLHYTTIMSDR,41.635894582427035
EIHGAIVR,11.993525216247663
SGPVVQTMYK,33.04547520512882
MVVQNSADAGDM[UNIMOD:35]R,11.441762552926823
NNDC[UNIMOD:4]C[UNIMOD:4]GC[UNIMOD:4]C[UNIMOD:4]GNEGC[UNIMOD:4]GKR,-9.584001148242947
GPGLKTVC[UNIMOD:4]AAR,13.66786382720421
THGPYVITGDYPR,38.94815241939359
APVGRVGAAAVSGGGR,14.252078227860268
YDEHTVC[UNIMOD:4]KPLVSR,20.182762002727078
IQNMQHLK,6.451690070090665
RETDYSDGDPLDVHK,28.979715716525874
IC[UNIMOD:4]GM[UNIMOD:35]QVYQTDKK,9.05676626079468
VPAPVWSPR,48.87319206189034
PFM[UNIMOD:35]LSIQR,56.32357887655566
PMC[UNIMOD:4]SRPAC[UNIMOD:4]YSLC[UNIMOD:4]SGQK,25.272692326173658
MSC[UNIMOD:4]TIC[UNIMOD:4]GHK,1.0015681116900175
KC[UNIMOD:4]C[UNIMOD:4]YLHC[UNIMOD:4]GFK,17.285840729134275
TSAKEGVALTK,7.121233962808131
SPHILC[UNIMOD:4]SQPNAC[UNIMOD:4]SR,19.419292832212054
MVVQNSADAGDMR,23.742315144846064
NGQC[UNIMOD:4]NIAFANM[UNIMOD:35]DEKSQR,22.05822548620912
C[UNIMOD:4]PAPKC[UNIMOD:4]PPK,-9.793110425413527
MGRAMVAR,2.1767334582672597
PSC[UNIMOD:4]C[UNIMOD:4]ISSC[UNIMOD:4]C[UNIMOD:4]KPSC[UNIMOD:4]C[UNIMOD:4]R,6.765652779779926
QAFKDVLR,32.29061553985873
PFLSEDTRR,22.97102493873432
QRIQEYDK,-2.1928271536243638
C[UNIMOD:4]C[UNIMOD:4]YLHC[UNIMOD:4]GFK,28.295132381913408
RFVPDSWK,37.509009658353754
EAAFQC[UNIMOD:4]IK,31.53122981604191
TAFTKEQLR,16.816733269259956
C[UNIMOD:4]AQGC[UNIMOD:4]VC[UNIMOD:4]KGSSEK,-7.855895509891636
ATPIESHQVEKR,-1.0693012463220366
NDPTFLEKK,22.71394935370717
LLQRC[UNIMOD:4]FEK,18.77377221730498
C[UNIMOD:4]ESSVSLTVPPVVK,64.52407721933832
INYGGEIPK,34.88266392364184
M[UNIMOD:35]ASKGLQDLK,12.807693227758776
MDPAASSC[UNIMOD:4]MR,15.953101725049251
VERIHGQMQM[UNIMOD:35]PR,2.6864100662631856
IVSQKQMSDR,-1.3085185273784194
GVYRFATDR,24.181923021479022
PYPEPGWEAK,39.169437600172245
IHGQMQMPR,17.522665837380096
EADAVFPR,35.55964882903141
GRAMVAR,0.8245232434619874
QRAGEM[UNIMOD:35]TDVLPSQR,17.70698188458027
VGDLSPKQAETLAK,32.7488457766189
AARVIIEK,11.381455814659317
PSYC[UNIMOD:4]QTTC[UNIMOD:4]C[UNIMOD:4]RTTC[UNIMOD:4]C[UNIMOD:4]R,5.12229109605497
MSHGAGLVR,6.465330834654752
PIVMPDYVAK,58.225486209123744
PIVM[UNIMOD:35]PDYVAK,39.11441762552927
FATDRNDFR,18.535870453125746
NC[UNIMOD:4]GAFGHTARSTTC[UNIMOD:4]PMK,13.265719055086251
MSTNNMSDPRR,5.014175195809908
SHGAGLVR,18.17239111740604
C[UNIMOD:4]GYSSC[UNIMOD:4]C[UNIMOD:4]GYGHGYGSR,15.001315695045808
NC[UNIMOD:4]GAFGHTARSTTC[UNIMOD:4]PM[UNIMOD:35]K,2.4902518957969537
SKC[UNIMOD:4]GMC[UNIMOD:4]C[UNIMOD:4]K,2.080630435827206
YPVIMNRR,26.166450434866178
PRMGEHQPLK,-1.8706791378609193
GFTESLDPR,41.628591249431864
QPGALTQGHSC[UNIMOD:4]SR,-1.7755033395800317
IIVLGNNWK,66.51770698188459
PLHYTTIM[UNIMOD:35]SDR,22.900270315527592
PDNFISGQC[UNIMOD:4]GAGNNWAKK,39.44306742880267
VERIHGQM[UNIMOD:35]QMPR,3.7533191397746553
M[UNIMOD:35]NASRC[UNIMOD:4]LSEEVGSLR,41.355533131516985
YQMGDC[UNIMOD:4]C[UNIMOD:4]K,7.958758940745881
ETDYSDGDPLDVHKR,26.663158146544507
QM[UNIMOD:35]YC[UNIMOD:4]VFNHNEDAC[UNIMOD:4]R,27.9275383210802
M[UNIMOD:35]C[UNIMOD:4]EMATSGDRQR,-4.202104656191438
AMVEAVTGR,26.510018740089375
LTQHLSLLC[UNIMOD:4]EKYSTVVR,70.54479235166171
MQIM[UNIMOD:35]FSSVVR,64.69415213108452
M[UNIMOD:35]VVQNSADAGDMR,13.922445757481519
SM[UNIMOD:35]YVRDQVK,3.366008360962952
C[UNIMOD:4]FYTPKC[UNIMOD:4]HQDR,8.702128681947043
PSC[UNIMOD:4]C[UNIMOD:4]VSRC[UNIMOD:4]YR,2.825156089275888
TTC[UNIMOD:4]C[UNIMOD:4]RPSC[UNIMOD:4]C[UNIMOD:4]ISSC[UNIMOD:4]C[UNIMOD:4]R,8.980827447023213
PM[UNIMOD:35]C[UNIMOD:4]SRPAC[UNIMOD:4]YSLC[UNIMOD:4]SGQK,17.946080424849896
VVGAFPMAK,47.59706241178863
QPGALTQGHSC[UNIMOD:4]SRK,-7.848718991459945
ASWM[UNIMOD:35]PM[UNIMOD:35]FQR,48.13091203399262
RAFPC[UNIMOD:4]WDER,39.94041612608717
TPNVAPRSNQR,-5.953765997268453
VERIHGQM[UNIMOD:35]QM[UNIMOD:35]PR,-8.09032844532689
SASHAVPASKK,-4.719510344478729
IHGQM[UNIMOD:35]QMPR,-0.23921728105638268
TASC[UNIMOD:4]VSLLC[UNIMOD:4]RPM[UNIMOD:35]C[UNIMOD:4]SR,36.36820323900199
IHGQMQM[UNIMOD:35]PR,-2.5452718704399206
KNGQC[UNIMOD:4]NIAFANM[UNIMOD:35]DEK,21.429084037030837
TVVKQGLEVK,16.93179915317083
SRVC[UNIMOD:4]EEIAIIPSK,53.285446911831656
AM[UNIMOD:35]DQLAKTTQETIDK,26.67511901059733
IQNM[UNIMOD:35]QHLK,6.527797799240788
VC[UNIMOD:4]KPQAPQK,-8.7561333400779
EYNTMASTFGPKK,34.708381809904395
LIPEHWEK,31.459464631725005
KDASTSMTM[UNIMOD:35]SK,-6.120694015883455
TNISHNGTYHC[UNIMOD:4]SGK,-6.8894576944238475
M[UNIMOD:35]STNNMSDPRR,-4.427911872353661
LPSSAGEDRR,-5.875360412767465
YPVIM[UNIMOD:35]SKR,14.100715967517175
YQMGDC[UNIMOD:4]C[UNIMOD:4]KK,-3.105872831200364
PQPPAVFLQR,56.35961750997068
AGVC[UNIMOD:4]PADNVR,13.07561658254192
VNKVGQLR,4.05685669482523
M[UNIMOD:35]LM[UNIMOD:35]SFVLKK,38.64542789870742
MANITRM[UNIMOD:35]ANHTGK,-1.3587541564002574
RIQNM[UNIMOD:35]QHLK,-3.7356467196115144
VPPAGTWALR,54.35586949209551
MHTTQKDTTYTK,-3.7558804188375725
MDPAASSC[UNIMOD:4]M[UNIMOD:35]R,1.6962183460669826
GGIIEPSLR,49.28929131468461
PNHRSPLNSC[UNIMOD:4]K,-5.379634781728972
RPNSGPAGGSK,-1.4214173706307842
KC[UNIMOD:4]NTATC[UNIMOD:4]ATQR,-12.570185644190401
ADHPKPVTVK,-3.0957559815873346
LSPDLC[UNIMOD:4]PGK,31.447503767672174
AGARASWM[UNIMOD:35]PM[UNIMOD:35]FQR,37.148051575245795
MAEETGQSK,14.44188169717938
QIM[UNIMOD:35]FSSVVR,52.501016673444475
IHGQMQM[UNIMOD:35]PRAR,-4.877640360739659
MHQKETSSVK,-9.977742930851335
ANITRM[UNIMOD:35]ANHTGK,-0.8898882855297465
QRDSEVNFK,9.901203262923717
STNNMSDPRR,8.265466133845923
KQPTSAENSVAK,-9.307501643988063
SRTSQTQEAHK,-14.4649905509174
PHC[UNIMOD:4]GQSLC[UNIMOD:4]C[UNIMOD:4]C[UNIMOD:4]YR,12.41059254120518
IAGYVTHLMKK,42.17461682432091
TPGFAESGQSSGQFQGR,30.888382687927106
EKMQLVQESEEK,23.010758144727493
C[UNIMOD:4]FVTQLAGFLANQQK,102.21716021260438
ATGFYQNNTLNTAPDR,42.20728149181783
ELEEKTATLSQEK,17.187658581142802
PC[UNIMOD:4]SSQSSC[UNIMOD:4]C[UNIMOD:4]VPIC[UNIMOD:4]C[UNIMOD:4]QC[UNIMOD:4]K,26.20267938698873
IKVEC[UNIMOD:4]EVEEIDQC[UNIMOD:4]TK,49.25082257656289
DLQAKMEEAEQLALK,78.32893534963972
TDVC[UNIMOD:4]NIVEDQIGAC[UNIMOD:4]R,68.37257688013804
SSMTSGSSESDIPQENK,17.519615287269044
TKGDEEEYWNSSK,20.936471779296383
TWC[UNIMOD:4]VFNSSVQQDHLSR,60.012179031766976
ESFLC[UNIMOD:4]C[UNIMOD:4]QSQLM[UNIMOD:35]FLASR,84.93859738150817
ESFLC[UNIMOD:4]C[UNIMOD:4]QSQLMFLASR,96.53758542141227
GGC[UNIMOD:4]GSC[UNIMOD:4]GC[UNIMOD:4]SQC[UNIMOD:4]NC[UNIMOD:4]C[UNIMOD:4]K,-13.415084788661098
NYEVTIKDLQAK,48.53851618796307
GGC[UNIMOD:4]GSYGC[UNIMOD:4]SQSSC[UNIMOD:4]C[UNIMOD:4]K,-1.9689434689942145
PC[UNIMOD:4]C[UNIMOD:4]SQASC[UNIMOD:4]C[UNIMOD:4]VPIC[UNIMOD:4]C[UNIMOD:4]QC[UNIMOD:4]K,27.226018729435587
NTDVQGALC[UNIMOD:4]QLLVGK,94.25048208667411
AEIDDLNASM[UNIMOD:35]ETIQK,43.205115193342124
EQLEEEQGGKSELQR,13.748418121994426
GDEEEYWNSSKFK,42.832132345478534
LLDNSETC[UNIMOD:4]ADQSVIWK,65.7743834365168
VLEVQLQTLNIQK,76.37014107378462
EMVSLGDSNSHSMK,29.478613009364718
ILSNTTAVTPFLTK,74.82915717539863
YQEVEEDQNPPC[UNIMOD:4]PR,21.072262255150715
IGQWGVNTQVLEDIK,85.33695321221964
LQAEVKASQEQLIAQK,35.71754795493758
VETILEENVDGTIFPR,89.16066172739268
GSC[UNIMOD:4]YNVQEPWDIALLAK,99.24642240941846
SSEDTQDEKIASLR,25.821311060491013
TLTGDLSLREDSITK,54.76588205517591
ELLAEKEPEVLQDPLDR,70.63330965188268
TWC[UNIMOD:4]IFNSSVQQDHLSR,69.68109339407744
KAMAQTQELVNK,14.801471520994545
GKTSDIEANQPLETNK,19.98376129097737
AEIDDLNASMETIQK,61.4762001420887
AGMAETALNKLR,49.23563654770943
SC[UNIMOD:4]QQNQQQC[UNIMOD:4]QPLPK,10.89262153658784
VATGLYEAYEAER,52.25565817517507
NLEEC[UNIMOD:4]ITRITNTEK,62.941027587952405
DEDSELVGVYAWRK,65.1806556378768
PQQSPQLLIYLGSNR,82.10697249568659
PC[UNIMOD:4]C[UNIMOD:4]SQSSC[UNIMOD:4]C[UNIMOD:4]VPVC[UNIMOD:4]C[UNIMOD:4]QC[UNIMOD:4]K,17.40572007086813
LIC[UNIMOD:4]NDADLC[UNIMOD:4]DC[UNIMOD:4]LEK,55.110118745559724
MIINLALFGM[UNIMOD:35]TQSGK,102.37155150594785
PTGSFPQNPLGK,51.00730741906019
SC[UNIMOD:4]YGNLIEEC[UNIMOD:4]VESGK,62.06276891926093
QQIQAGLELAQARK,41.309753374606714
VEC[UNIMOD:4]EVEEIDQC[UNIMOD:4]TKPR,31.83497848645912
GSQWVWLEMGQC[UNIMOD:4]YSK,92.08362935146657
NC[UNIMOD:4]C[UNIMOD:4]SC[UNIMOD:4]C[UNIMOD:4]PMGC[UNIMOD:4]AK,6.231333839534294
PPPGTQGMLEQYLNR,73.68261199696278
TSLTSQVDDYKR,27.81174679690473
LQHATQVAEEAVQQK,26.7334771026259
DPVVAQGTAPLMYSR,57.722095671981776
LAAQGLGMQAAC[UNIMOD:4]TLMR,77.25819547345985
ENSSSVTVSDPEM[UNIMOD:35]ENK,16.34522905593521
AMAQTQELVNKVK,35.715008858516825
AWTAC[UNIMOD:4]ETWEDPGPR,55.77828397873955
YEDEQSLNSTLQRK,29.76758347711357
C[UNIMOD:4]NIGTGLLGLPLAIK,111.19716527461401
GGC[UNIMOD:4]GSC[UNIMOD:4]GC[UNIMOD:4]SQSNC[UNIMOD:4]C[UNIMOD:4]K,-15.119969627942293
TYSSMATTPSM[UNIMOD:35]TK,18.382726073277176
EDQERPQVTPLEDSK,27.039987820968236
KSTSPSNSDTEMK,-7.724626676790685
MATAAGATYFQR,42.025271490916474
VSAMEDEMNEMK,44.65451784358389
LDAAFAEIQRTSLPEK,61.752765655130425
LQQQIKDLQVQMDEDAR,54.26773571501066
IPGNPSPGADLAVSK,41.951033870353925
VSWSGEPVGSISWSIR,86.77549987344973
QAVASGLEVLVTSSTK,79.74728509083529
M[UNIMOD:35]IASQVAVINLAAEPK,72.91180351162082
TAYEESLEHLESVK,55.856084441286924
HLESAGQTEIFR,37.47050615248003
MC[UNIMOD:4]YYSNYYGGLR,56.95980919516897
MVFLSSVETDQR,67.00497310463818
DFSALQPDLGAAPSQR,67.42362732162793
MIASQVAVINLAAEPK,79.73206130112656
VATGLYEAYEAERR,45.137939762085544
KTSDIEANQPLETNK,18.354846874209056
DNEQDRSEFIGQTLK,45.996143306607124
M[UNIMOD:35]IINLALFGM[UNIMOD:35]TQSGK,91.6350291065553
EMVSLGDSNSHSM[UNIMOD:35]K,20.569476082004552
C[UNIMOD:4]EELQVEVDSSQK,38.186339186034715
GSQWVWLEM[UNIMOD:35]GQC[UNIMOD:4]YSK,76.78118339592004
YAGVHAENAEDYEGR,20.704354003856697
GC[UNIMOD:4]GPSC[UNIMOD:4]C[UNIMOD:4]APVYC[UNIMOD:4]C[UNIMOD:4]K,24.127169390033494
AWQVSLLELEDR,93.27869684360093
ESPWSSC[UNIMOD:4]NKNVVGR,29.067289150512533
AVSTEELEATVQEVLGR,113.71917182583987
MDAM[UNIMOD:35]LLWQC[UNIMOD:4]PTQGTR,71.68375114178424
EGEAQYAVVHC[UNIMOD:4]TGYIK,42.86765452146554
IFFC[UNIMOD:4]IDNC[UNIMOD:4]PDC[UNIMOD:4]GNR,72.14046483304578
NLLAPGQC[UNIMOD:4]AAWIFFAK,113.24981017463934
ISNEHEELISEFR,53.45072566730945
VLENQMFIIWNK,94.47376433573531
MSEGGGQVSC[UNIMOD:4]IFAAPTR,62.17395717040495
SFRPEPDMLYAQK,51.88559858263731
C[UNIMOD:4]AEAGANMTVSGSAIM[UNIMOD:35]R,33.11313591495824
EASGGPYEKMVLVK,47.95240028417741
AALC[UNIMOD:4]GTPTPSLASGLWR,82.93159443824216
DPVMQEGTAPPEFSR,49.8528366994824
NDNLFNIESNDR,61.98112250076119
AIESLQASLEAEAKGR,59.50139205264489
STDGAYKPSFLTEQELK,56.868466456916664
GSFQGHLTTSVK,25.428803410128893
RQIEEAEDQANQTLAR,26.669542271389425
ENSSSVTVSDPEMENK,28.699380899218514
IEKC[UNIMOD:4]GWSEGLTSIK,51.200142088703956
EILTLTPILDIR,111.65634832030852
LAAQGLGMQAAC[UNIMOD:4]TLM[UNIMOD:35]R,60.1009844717345
NSTLLDTSKAVAIEK,51.146545178435844
DFNQSSHLTTHK,8.362298617277684
PSALTLVPITGR,78.86845109729798
QC[UNIMOD:4]FYEDIAQGTK,51.58327412970668
LC[UNIMOD:4]LM[UNIMOD:35]EEAVSEFEPGK,71.08494874657465
GC[UNIMOD:4]GQYISYRC[UNIMOD:4]QEK,19.318989140363342
AQENYEHLVEQR,32.888494228085754
LSTQIHELEDNWEQEK,57.462194255556675
GC[UNIMOD:4]C[UNIMOD:4]RDPNAQSSFSK,1.7970134143254892
AKEC[UNIMOD:4]EPPSAGAAVTAR,12.196912174133127
FAEM[UNIMOD:35]FAGISASEK,55.094894955851004
LAAQGLGM[UNIMOD:35]QAAC[UNIMOD:4]TLMR,64.03379681315336
ADAPAVSPESPQKK,7.368314219019588
GGGSVGFLASVAAFR,96.22196285395312
PTGSFPQNPLGKEK,39.597077032375935
LREQLC[UNIMOD:4]TSENSM[UNIMOD:35]TGR,12.17160212604404
EQLC[UNIMOD:4]TSENSMTGR,22.345985994113466
PQVTPLEDSKSHGVK,14.309273119370799
FSC[UNIMOD:4]LLLSTSEIDLSVK,98.94955851009844
M[UNIMOD:35]ATAAGATYFQR,34.38546635542474
DFLLKLSSVSIC[UNIMOD:4]R,91.28828144773473
LLRPSTESC[UNIMOD:4]C[UNIMOD:4]VAQAR,22.412047582890406
ESC[UNIMOD:4]PQRAWGAQGQDR,12.272842318400404
NGGSPAFYTAFR,64.27484015020806
DVAAC[UNIMOD:4]LELARPGSSR,51.87800556821058
MDAMLLWQC[UNIMOD:4]PTQGTR,85.22531208768903
LQQQIKDLQVQM[UNIMOD:35]DEDAR,35.94083020399878
ATLGFVTPEAPFESSK,81.4929463107683
TVMTVADQNVSPKAK,27.529686389932007
M[UNIMOD:35]VFLSSVETDQR,52.164315436922756
LC[UNIMOD:4]LMEEAVSEFEPGK,94.72241956764438
TPDPLAC[UNIMOD:4]SPPPPK,40.33289353496398
IVEYLVGDGPQNR,53.13610067999595
VEVATLLGEPPM[UNIMOD:35]ASLR,81.3813051862377
C[UNIMOD:4]EEC[UNIMOD:4]GKAFIWSSR,48.22323462414578
LQYSLQHIQELER,57.52124825574021
LDSWKGVASGC[UNIMOD:4]SPSK,30.343777749587726
PWSALAGQAC[UNIMOD:4]SPQR,45.14868567948848
KVPVVPQGTASLGFSR,55.214147975235974
VSAMEDEMNEM[UNIMOD:35]KR,19.85943367502283
EKM[UNIMOD:35]QLVQESEEK,6.553841469603163
DYSNDWSPSDTVRR,39.026184918298995
SPTPFFMASLLC[UNIMOD:4]C[UNIMOD:4]GPK,110.82004555808653
NPLLYTVAMNPR,73.15363199190078
FAGPHAESAEIPNTAGR,30.723867375348007
MGC[UNIMOD:4]C[UNIMOD:4]GC[UNIMOD:4]SGGC[UNIMOD:4]GSGC[UNIMOD:4]GGR,-3.224906119963465
SPAQEDGKVYINMPGR,41.91363036638587
HLTSMATSYFGK,47.800162387090225
YALIC[UNIMOD:4]QQC[UNIMOD:4]FSHNGMALK,62.53859782333585
MAWQVSLLELEDR,101.33461889779763
C[UNIMOD:4]EEVFLPGSSIQTK,63.04932507865624
AEM[UNIMOD:35]NILEINETLR,72.52359687404851
NPLLYTVAM[UNIMOD:35]NPR,59.068304069826446
AEMADQAAAWLTR,74.00537907236375
QQGLPFC[UNIMOD:4]TVC[UNIMOD:4]GYR,64.59453973409114
VEVATFLGEPPM[UNIMOD:35]ASLR,81.62488582157718
EPREEPGSPLSPAPR,24.484940521386985
ALC[UNIMOD:4]DVGTAISC[UNIMOD:4]SR,43.89272302851923
AWC[UNIMOD:4]HC[UNIMOD:4]TSSQYPFK,38.764843194966
QLNQSQVAWTGSR,37.486044859433676
YLLYYYGGGGAEAKAR,55.295341520349126
QLQQQQAELEVHQR,22.460164416928855
GNC[UNIMOD:4]HNFYTAISK,33.70039581853243
MILSNTTAVTPFLTK,86.80334092634776
VEVATFLGEPPMASLR,95.17084282460137
LSC[UNIMOD:4]SSGGHDVC[UNIMOD:4]VSWK,35.9941134679793
RDFSALQPDLGAAPSQR,51.971480767279
MSSQQSAVSAKGFSK,15.983295368261203
YEEEALSWGQRNC[UNIMOD:4]SFR,52.77072972698671
M[UNIMOD:35]ATLGFVTPEAPFESSK,81.41230068337127
TYSSM[UNIMOD:35]ATTPSMTK,19.090632294732572
RSVITIATSVDK,44.79600121790318
TKMDLESQISDMR,54.887370286003545
PSC[UNIMOD:4]SQTTC[UNIMOD:4]C[UNIMOD:4]QTTC[UNIMOD:4]C[UNIMOD:4]R,-1.867451537602762
MAC[UNIMOD:4]IYPTTFYTSLPTK,84.50218207652492
VAELERNQAEINAIR,39.61483812036943
MEQLQDETNHLR,30.985665355829
KDPVMQEGTAPPEFSR,39.50573429412362
ILEEVMEKETYK,48.16553334009945
AESDLKMTIDNLNEM[UNIMOD:35]ER,56.73500379650721
VEVATLLGEPPMASLR,95.25942799291317
FIVRGC[UNIMOD:4]GQYISYR,47.43625523277941
C[UNIMOD:4]AYC[UNIMOD:4]FFLNPARK,66.08139652897594
KDPVVAQGTAPLMYSR,46.78270577489091
AEM[UNIMOD:35]ADQAAAWLTR,60.62620521668527
ERLELYDEHVSSR,33.187872637320815
C[UNIMOD:4]QSSVC[UNIMOD:4]VPVSC[UNIMOD:4]R,27.833459883573774
NC[UNIMOD:4]C[UNIMOD:4]SC[UNIMOD:4]C[UNIMOD:4]PM[UNIMOD:35]GC[UNIMOD:4]AK,-6.619811225007612
LEDSLSEANAKVAELER,57.021438538627436
M[UNIMOD:35]AC[UNIMOD:4]IYPTTFYTSLPTK,78.81609662031869
EPSPEVSC[UNIMOD:4]C[UNIMOD:4]GLWPR,64.01857302344465
ERLEEEEGM[UNIMOD:35]AASLSAAK,32.78696843600934
M[UNIMOD:35]IINLALFGMTQSGK,102.26327007002945
LPFLEEISFGGSVQLTK,110.97949886104782
SGRLIC[UNIMOD:4]NDADLC[UNIMOD:4]DC[UNIMOD:4]LEK,49.39612300822084
TVTPALSSNVLPR,61.71470618085863
HC[UNIMOD:4]PLC[UNIMOD:4]VPAGEVFSQK,56.627423119861966
TSPEELVNDHARENR,26.59647342382342
C[UNIMOD:4]ISVIGYQPQDLLGK,85.10352177001927
TVM[UNIMOD:35]TVADQNVSPK,20.326296559423522
SPAQEDGKVYINM[UNIMOD:35]PGR,23.226428498934336
ESYGADGTLC[UNIMOD:4]WNR,51.399213497399465
VDLC[UNIMOD:4]DDLVPEARQLAPR,74.05358773977468
ILEEVM[UNIMOD:35]EKETYK,31.38637978280727
MIINLALFGMTQSGK,112.11306201157008
SYISSQTNGETGQLVHR,32.37408251075677
KAEVPC[UNIMOD:4]AAAEGGR,7.5763726783720715
PEQTRGLLEPER,28.159330204236966
DPVVPQDTAPLMFSR,78.73196659073652
PRTC[UNIMOD:4]PQMSGELPR,27.156703542068406
DEDSELVGVYAWR,80.66324977164315
DMKASPEIISGR,36.69694509286512
PGKPEGSPSQGGNK,-12.703491322439866
PLLNVARQEEEM[UNIMOD:35]K,34.37270074844603
GFSC[UNIMOD:4]LLLPTSETDLPVK,95.99614330660714
MDAM[UNIMOD:35]LLWQC[UNIMOD:4]PTQGTRK,60.905308028011774
MIPGNPSPGADLAVSK,50.545519131229064
KDPVVPQGTAPLTFSR,54.46818227950878
IGLAVDMDEIEK,75.0
TYSSM[UNIMOD:35]ATTPSM[UNIMOD:35]TK,3.8668425860144096
PLLNVARQEEEMK,44.668273499936575
YPVVMSKAAYMPIR,64.42672741078208
PRTC[UNIMOD:4]PQM[UNIMOD:35]SGELPR,11.349335227849384
VPSEAPGAGVERR,9.134273825230899
GEYRDYSNDWSPSDTVR,43.27615954531615
MDAMLLRQC[UNIMOD:4]PTQGTR,44.08504176157935
MTHC[UNIMOD:4]C[UNIMOD:4]SPGC[UNIMOD:4]QPTC[UNIMOD:4]C[UNIMOD:4]R,0.6013396934943674
ERPPQVLGPQQR,21.24825574020043
IGC[UNIMOD:4]TNVDEC[UNIMOD:4]KVHK,4.574400608905242
TTC[UNIMOD:4]C[UNIMOD:4]C[UNIMOD:4]PSC[UNIMOD:4]C[UNIMOD:4]VSSC[UNIMOD:4]C[UNIMOD:4]R,12.338881558916064
MGSTWGSPGWVR,64.26469095706892
EAPRDVPPLQAAR,30.163402009540246
TVM[UNIMOD:35]TVADQNVSPKAK,13.353800872830615
AWGARVVEPPEK,34.92027334851936
QIEEAEDQANQTLARYR,47.20135999188065
VSAMEDEMNEMKR,37.88661098456087
IDALLSSSQIRWK,67.5022835684563
AFTRSSSLIEHK,18.11630975337461
DPVMPQKMVPLGDSR,57.152643864812745
C[UNIMOD:4]GNAPLDHLPLNR,51.64009111617312
PEPDMLYAQKAK,31.680706383842487
VPVVPQGTASLGFSR,65.87587536790825
IELSSEHGFLTVGC[UNIMOD:4]R,63.11022023749111
M[UNIMOD:35]AWQVSLLELEDR,93.78615650055822
AEIDDLNASMETIQKSK,56.23239883293163
KDPVVPQDTAPLM[UNIMOD:35]FSR,55.773221969121735
GLLGPSHSSESLR,33.705470415102
PSPWQSSM[UNIMOD:35]STGEGSK,23.046280320714498
MPTDHEEPC[UNIMOD:4]GPSHK,0.7205927128793279
DPVVPQGTAPLTFSR,67.38551312951923
MEQLQDETNHLRK,22.386582766670053
NNRYQPLQNHAK,0.1649118355955887
M[UNIMOD:35]EQLQDETNHLR,23.247494608651532
AVFLALSAQLLQAR,108.22845833756216
QPPPAGPPVEGDGWLK,63.006833712984054
PPPGTQGM[UNIMOD:35]LEQYLNR,58.74099259108901
GSSTWLTAFVLK,105.71907033390843
KM[UNIMOD:35]VGNVTGAQAYASTTK,17.23201826715718
DPVVPQGTAPLMFSR,78.0675936263067
AM[UNIMOD:35]AQTQELVNKVK,25.115160718805367
LIGVPESDVENGTK,47.980310565310056
GSTQQSRSLGAQSSR,-6.137724550898205
PC[UNIMOD:4]PGAPC[UNIMOD:4]C[UNIMOD:4]SLVATGSR,35.01645153125791
DYSNDWSPSDTVR,48.51568050339999
EAVLGRAVPVVSR,47.44386654826843
EGLRSSLEASLGR,48.189775466193076
VSAMEDEM[UNIMOD:35]NEMKR,19.544808687709324
AEVPC[UNIMOD:4]AAAEGGRR,6.833712984054667
GKPSPWQSSMSTGEGSK,25.8719311566692
KTVM[UNIMOD:35]TVADQNVSPK,11.603065056328022
KDPVVAQGTAPLM[UNIMOD:35]YSR,37.01157008017862
PIPSIPQDLESR,64.81288849422808
VPSEAPGAGVER,16.784228153861765
NMAC[UNIMOD:4]YC[UNIMOD:4]RIPAC[UNIMOD:4]IAGER,52.197300314625
KNC[UNIMOD:4]C[UNIMOD:4]SC[UNIMOD:4]C[UNIMOD:4]PMGC[UNIMOD:4]AK,0.3019384958895762
VQQSTDERMDAMLLR,57.89926600860541
IQLELAQVKADIDR,69.60040593682608
C[UNIMOD:4]EEC[UNIMOD:4]GKAFGNFSTLTK,51.21488230827639
IRVSHTEVQGSGSSR,-0.11163262717239301
PPQHLSPPQPGR,16.231097127778337
WQEM[UNIMOD:35]GYIFYPRK,59.08352785953517
PPQVLGPQQRPR,18.65279715844222
PLHYTTTMTTTVC[UNIMOD:4]AR,38.79271070615034
ALSQDELWGLHR,60.0071044351974
AEVPC[UNIMOD:4]AAAEGGR,15.282147569268242
RLGYGC[UNIMOD:4]GYGGYGFSC[UNIMOD:4]C[UNIMOD:4]R,47.051659393078246
M[UNIMOD:35]TIDNLNEMERSK,33.91855892426741
NDNLFNIESNDRWVQM[UNIMOD:35]R,69.98376129097737
GQGRGPILPGTK,21.41316757579602
AVSPVSPPQHRPK,4.9092984904224295
ALSEQLSVSEGTKSK,28.542068405561754
AMNFGDHASGFR,37.90723637470821
KSC[UNIMOD:4]C[UNIMOD:4]SC[UNIMOD:4]C[UNIMOD:4]PM[UNIMOD:35]SC[UNIMOD:4]AK,-10.123566426469097
PC[UNIMOD:4]C[UNIMOD:4]SQSRC[UNIMOD:4]C[UNIMOD:4]VPVC[UNIMOD:4]YQC[UNIMOD:4]K,22.70311313591495
ATC[UNIMOD:4]C[UNIMOD:4]RPSC[UNIMOD:4]C[UNIMOD:4]GSSC[UNIMOD:4],-5.711458439054094
MSSMNERTSMNER,8.855985826373065
AGM[UNIMOD:35]AETALNKLR,31.328021922257182
C[UNIMOD:4]LNSQPC[UNIMOD:4]C[UNIMOD:4]LPLGHQPR,40.27707297269867
LREQLC[UNIMOD:4]TSENSMTGR,25.475072941773437
HLTSM[UNIMOD:35]ATSYFGK,33.720664721552716
PWSSSGVQRAGPQGK,14.241855272505836
PVC[UNIMOD:4]C[UNIMOD:4]RVPTC[UNIMOD:4]SC[UNIMOD:4]SSC[UNIMOD:4]GK,10.679488480665785
LEEEEGM[UNIMOD:35]AASLSAAKR,22.041510199939108
LAQDGAHVVVSR,16.812138434994424
EM[UNIMOD:35]VPLGDSHSLK,27.89252004465645
PEPDM[UNIMOD:35]LYAQKAK,20.184207855475485
PMPSVPEDLESR,54.67207915768108
IHEKEEEFEATR,10.610173791703671
EMVSLGDSNSHSM[UNIMOD:35]KK,13.077235359788897
LEEEEGMAASLSAAKR,40.41354814157047
QPEENTPLNGADK,18.674515376027607
EEPGSPLSPAPRAGR,23.338830394519857
PLEC[UNIMOD:4]PSHKPC[UNIMOD:4]GR,-2.7857414689838866
ERLEEEEGMAASLSAAK,47.21589471019993
M[UNIMOD:35]GSTWGSPGWVR,58.21830914442302
AWGAQGQDRSFQR,22.755296207027783
GDPADRPWAGWSGGR,49.5013920526449
AESDLKMTIDNLNEMER,71.1667932169071
PWTQSLELPAERQNR,56.31104909298491
EASGGPYEKM[UNIMOD:35]VLVK,28.440576474170303
MAMNFGDHASGFR,49.29463107682939
YVAIC[UNIMOD:4]NPLHYPDLM[UNIMOD:35]SR,70.00659697554045
DM[UNIMOD:35]KASPEIISGR,24.663199289610553
PSC[UNIMOD:4]C[UNIMOD:4]HPVC[UNIMOD:4]C[UNIMOD:4]QTTC[UNIMOD:4]R,-0.6673094488988124
IM[UNIMOD:35]EFIKENC[UNIMOD:4]YQVLTFK,73.51568050339998
KDPVVPQGTAPLM[UNIMOD:35]FSR,53.382218613620225
GKPSPWQSSM[UNIMOD:35]STGEGSK,10.597317134902557
PVC[UNIMOD:4]C[UNIMOD:4]C[UNIMOD:4]VPAC[UNIMOD:4]SC[UNIMOD:4]SSC[UNIMOD:4]GKR,12.673804932507867
NSQRQGPFSHGAPGR,4.354003856693391
SRQGGSGSGPFSPR,11.057545925098957
NC[UNIMOD:4]LGC[UNIMOD:4]FYPC[UNIMOD:4]PKC[UNIMOD:4]NSNK,44.24702606934953
FSC[UNIMOD:4]LLLSTSEIDLSVKR,86.95321221962855
AWGAQRQGPSSQR,3.2677914499556016
EMVSLGDSNSHSMKK,20.766894457099472
YETDAIQRTEELEETK,44.78613009364718
MVFLSSVETDQRK,55.35116208261442
AFNRSSNLM[UNIMOD:35]EHK,-0.2410433370547058
KAVSPVSPPQHR,3.536993808992186
TLQTATSLSKPQMIM[UNIMOD:35]YK,48.80493250786562
EM[UNIMOD:35]VSLGDSNSHSMK,17.910788592306915
DPVVPQGTAPLTFSRR,56.952670210073386
HDSAGVFM[UNIMOD:35]PSTSPK,23.742230115438286
AFNRSSNLMEHK,13.109222377267542
YALIC[UNIMOD:4]QQC[UNIMOD:4]FSHNGM[UNIMOD:35]ALK,52.0501138952164
VSAMEDEM[UNIMOD:35]NEM[UNIMOD:35]KR,4.993403024459556
PC[UNIMOD:4]C[UNIMOD:4]C[UNIMOD:4]QSSC[UNIMOD:4]C[UNIMOD:4]QSSC[UNIMOD:4]C[UNIMOD:4]K,-8.472038972901656
EM[UNIMOD:35]VPLGDSNSHSLK,25.238506038769913
ASSARANITLSGK,16.297139964565933
YPVVMSKAAYM[UNIMOD:35]PIR,50.76689445709947
GLASAAKGGHGGAGAR,-8.276667004973106
MDLESQISDMRER,57.19903590003806
PQGPPPPPQGGRPHR,-0.07865624682837863
VNIVEATEHFGYR,65.54602659088602
M[UNIMOD:35]SSQQSAVSAKGFSK,11.864406779661014
GFPEEGHVDVKPDK,26.167157211001722
PVC[UNIMOD:4]SRPAC[UNIMOD:4]YSLC[UNIMOD:4]SGQK,23.30043027081751
GDRTYSSMATTPSMTK,27.55504935459377
M[UNIMOD:35]TTALILYSAIFM[UNIMOD:35]R,110.09844717344973
QANVQIQEIQRTPQR,28.88129587446216
NMDC[UNIMOD:4]YC[UNIMOD:4]RIPAC[UNIMOD:4]IAGER,52.77398127056442
VSAM[UNIMOD:35]EDEM[UNIMOD:35]NEMKR,5.546534050542982
TASC[UNIMOD:4]VSLLC[UNIMOD:4]RPVC[UNIMOD:4]SR,46.304732978992654
ELVPLGDSKSHR,25.99517950019029
TC[UNIMOD:4]PQMSGELPRVR,38.198655334263606
VQQSTDERMDAM[UNIMOD:35]LLR,42.37914452037458
IPGGC[UNIMOD:4]SSKAFIGR,31.05670430039325
LAQDGAHVVVSRR,8.727641760750988
IVVAVLRVPAGASR,63.16884434859826
DPVVPQGTAPLMFSRR,66.59073652239938
DSGSRNPC[UNIMOD:4]PSAPTWAR,33.14981605987568
NPGPQVADFNPETR,47.90926621333604
MPC[UNIMOD:4]PGAPC[UNIMOD:4]C[UNIMOD:4]SLVATGSR,46.13768666160466
SFRPEPDM[UNIMOD:35]LYAQK,39.29131865350544
IEELEEELEAERAM[UNIMOD:35]R,53.649625776988465
AFNWSSALTYKR,65.8581758213878
C[UNIMOD:4]TTIKDGLLPSAESIK,56.34070841368111
MAM[UNIMOD:35]NFGDHASGFR,30.975516935176962
AM[UNIMOD:35]MDAARMAEELR,52.803714604688935
FAAIC[UNIMOD:4]HPLNYQM[UNIMOD:35]IM[UNIMOD:35]NK,49.76910585608445
TDVC[UNIMOD:4]NIVEDQIGAC[UNIMOD:4]RR,61.293514665584084
MEVMM[UNIMOD:35]YGLYRLR,68.54750729417735
PIRLTADLSAETLQAR,67.0387243735763
PM[UNIMOD:35]PSVPEDLESR,39.99035826651781
STSPSNSDTEM[UNIMOD:35]K,0.1699989850806865
RWQEM[UNIMOD:35]GYIFYPR,63.78789800837246
EM[UNIMOD:35]VSLGDSNSHSMKK,8.502486552319088
YPVVM[UNIMOD:35]SKAAYMPIR,50.35014716330052
ETAGNSGSTHEGREQLK,-7.353090429310869
KDPVM[UNIMOD:35]QEGTAPPEFSR,30.957576372678375
M[UNIMOD:35]QVKHWPSEQDPEK,11.775601339693491
SMRVATGLYEAYEAER,59.49886104783598
APPPPPPLRLGR,46.44017050644474
VSAM[UNIMOD:35]EDEMNEMKR,20.080178625799253
VRVAGGGGAPGGGAGM[UNIMOD:35]R,0.5531310260834263
LIDQAYKGMPM[UNIMOD:35]NIR,44.2707804729524
M[UNIMOD:35]VPLGDSNSHSLK,20.34405764741703
M[UNIMOD:35]EVMMYGLYRLR,71.51592033489788
M[UNIMOD:35]VPLGDSNSHSLKK,9.41519725992643
TGGERGDGPNVK,-9.460895975702352
M[UNIMOD:35]GC[UNIMOD:4]C[UNIMOD:4]GC[UNIMOD:4]SGGC[UNIMOD:4]GSGC[UNIMOD:4]GGR,-9.407794580330865
TQPPPAGSRTGR,-10.114178422815387
TLQTATSLSKPQMIMYK,56.67131802613219
PPPGSPWAPAWTPR,73.45985994113468
GLPALPTQSGLLPRDAR,69.94798934415832
ELVFQTEEDHKTNQR,27.907743834365167
VRVAGGGGAPGGGAGMR,9.605163249810179
ASNVTNKM[UNIMOD:35]DPHSVNSR,-8.200548056429513
TLQTATSLSKPQM[UNIMOD:35]IM[UNIMOD:35]YK,39.01857302344464
AWTAC[UNIMOD:4]ETWEDPGPRLR,59.626509692479445
EM[UNIMOD:35]VPLGDSHSLKK,17.040495280625194
TLQTATSLSKPQM[UNIMOD:35]IMYK,49.020602862072465
VSAM[UNIMOD:35]EDEMNEM[UNIMOD:35]KR,4.62803207145032
LFYPEC[UNIMOD:4]EIRTM[UNIMOD:35]GGR,49.999999999999986
IEELEEELEAERAMR,62.448306482303686
YPVVM[UNIMOD:35]SKAAYM[UNIMOD:35]PIR,37.62813356338171
MASNVTNKMDPHSVNSR,16.370539104024296
ASNVTNKMDPHSVNSR,7.296886864085038
NDNLFNIESNDRWVQMR,80.72892938496581
AMMDAARM[UNIMOD:35]AEELR,45.899725971785244
MDLESQISDM[UNIMOD:35]RER,40.52264366357986
EM[UNIMOD:35]VSLGDSNSHSM[UNIMOD:35]K,8.068608545620624
HPVIPQGTASLR,33.08892553596347
AM[UNIMOD:35]NFGDHASGFR,22.20981859698085
LFYPEC[UNIMOD:4]EIRTMGGR,61.89521755676773
GPMWSVLLNTEEMKM[UNIMOD:35]K,91.1389521640091
DYRALC[UNIMOD:4]DVGTAISC[UNIMOD:4]SR,57.99291318653504
EM[UNIMOD:35]VPLGESHSHSLK,15.642443925707905
LIDQAYKGM[UNIMOD:35]PM[UNIMOD:35]NIR,28.686694407794583
M[UNIMOD:35]AMNFGDHASGFR,38.74462161478106
YLPRGM[UNIMOD:35]C[UNIMOD:4]IYLDPK,48.157921445245094
LIGVPESDVENGTKK,37.7575297393065
VQQSTDERM[UNIMOD:35]DAMLLR,42.15146517823164
M[UNIMOD:35]TGKNWILISTTTPK,61.41276768496905
TKMDLESQISDM[UNIMOD:35]R,38.544098244189584
M[UNIMOD:35]VREAQLHASLDR,18.772041101103643
DPVVPQGTAPLM[UNIMOD:35]FSRR,54.99682861854623
TC[UNIMOD:4]PQM[UNIMOD:35]SGELPRVR,23.346441710008886
MSSMNERTSM[UNIMOD:35]NER,-1.6390946919719904
GSQWVWLEM[UNIMOD:35]GQC[UNIMOD:4]YSKK,66.19557495179134
GIFNYM[UNIMOD:35]RLGSEEASDK,53.14117527656552
VSHTEVQGSGSSR,-11.518602885345482
M[UNIMOD:35]SSMNERTSMNER,3.44792591652924
MSSM[UNIMOD:35]NERTSMNER,-0.6571102372193292
ADAIFSQERDPR,30.211610676951185
DC[UNIMOD:4]PENMKC[UNIMOD:4]C[UNIMOD:4]PFSR,30.876569833819616
VQQSTDERM[UNIMOD:35]DAM[UNIMOD:35]LLR,27.816401096112862
PSC[UNIMOD:4]C[UNIMOD:4]ESSC[UNIMOD:4]C[UNIMOD:4]RPSC[UNIMOD:4]C[UNIMOD:4]R,-4.257586521871513
YLAISYPLRYTNM[UNIMOD:35]M[UNIMOD:35]TGR,65.82259210392773
NDFLNTSKVILLELSK,109.63412158733381
PLHYTTTM[UNIMOD:35]TTTVC[UNIMOD:4]AR,24.60738297602436
LGC[UNIMOD:4]M[UNIMOD:35]LASM[UNIMOD:35]IFRK,57.78189383943978
GYGGYGYGC[UNIMOD:4]C[UNIMOD:4]RPSC[UNIMOD:4]YGR,29.313713053406072
AMM[UNIMOD:35]DAARMAEELR,50.42496511480401
PRQDSAAGNSEER,-13.29486206023791
M[UNIMOD:35]DAMLLWQC[UNIMOD:4]PTQGTRK,63.67603775499847
DPVVPQDTAPLM[UNIMOD:35]FSRR,56.68400355194723
M[UNIMOD:35]VPLGDSRSHSLK,12.727088196488376
M[UNIMOD:35]TIDNLNEM[UNIMOD:35]ERSK,15.217556767728023
VTEFILM[UNIMOD:35]GFM[UNIMOD:35]DHPK,73.28986095605399
RIFFC[UNIMOD:4]IDNC[UNIMOD:4]PDC[UNIMOD:4]GNR,60.54247437328731
C[UNIMOD:4]HDVVIDTYRDLKDPR,68.12705644140723
GPVLGHTATGGPQNGTSGC[UNIMOD:4]TTAPQQR,18.14146804525746
VGLAVDM[UNIMOD:35]DEIEKYQEVEEDQNPPC[UNIMOD:4]PR,61.736839303773884
ISRVEAEDVGVYYC[UNIMOD:4]M[UNIMOD:35]QGLQTPQTFGQGTK,63.01964124128385
AHTNLPGPLTKANEEADLLVSSALIK,113.74886889870655
TSDIEANQPLETNKENSSSVTVSDPEM[UNIMOD:35]ENK,37.250173179054315
SC[UNIMOD:4]NQKEGSEC[UNIMOD:4]PQGM[UNIMOD:35]TSQGDSSSHSLK,-1.2828078097339455
PPPPGRPQGPPPPGGNPQQPLPPPAGK,33.05795725684378
DAPVLLSASPSLGSLELQDLTTRYLPR,113.76452779844522
RSVPC[UNIMOD:4]DSNEANEM[UNIMOD:35]MPETPTGDSDPQPAPK,26.91222653962847
M[UNIMOD:35]M[UNIMOD:35]SSASAAGTQQIYSQGSPFPSGHSGK,39.92097903892039
AQAWQQGSC[UNIMOD:4]ASLGTSAPSSASRLHK,35.79070633949007
TEETVLQNDPSVAENGAPEPKTPGQSQK,37.452856812992266
RSVPC[UNIMOD:4]DSNEANEMM[UNIMOD:35]PETPTGDSDPQPAPK,26.419864800127748
TAAQRNLSPTPASPNQGPPPQVPVSPGPPK,43.125565550646726
RSVPC[UNIMOD:4]DSNEANEM[UNIMOD:35]M[UNIMOD:35]PETPTGDSDPQPAPK,19.32678246145163
ISC[UNIMOD:4]FNNFSLSTPGSSSWPTHSQM[UNIMOD:35]DPVGYSR,73.04252940863364
RSVPC[UNIMOD:4]DSNEANEMMPETPTGDSDPQPAPK,39.43094645560202
SC[UNIMOD:4]NQKEGSEC[UNIMOD:4]PQGMTSQGDSSSHSLK,9.780126741411603
DVPDPQQGVGM[UNIMOD:35]ETC[UNIMOD:4]PPQTTARDSQGR,26.659898967925944
MDGDNQSENSQFLLLGISESPEQQR,86.14733592377708
SVPC[UNIMOD:4]DSNEANEM[UNIMOD:35]M[UNIMOD:35]PETPTGDSDPQPAPKK,18.105549426584915
SVVPESDTSERSSMTSGSSESDIPQENK,32.716730379454546
SVPC[UNIMOD:4]DSNEANEMM[UNIMOD:35]PETPTGDSDPQPAPKK,26.268164156065367
AGFRFSDGWSM[UNIMOD:35]FYSFGLPGVALPGSPPR,115.422898813009
DVPDPQQGVGMETC[UNIMOD:4]PPQTTARDSQGR,35.5255843182752
C[UNIMOD:4]QFYSSGVGYLYDVYQTEVTC[UNIMOD:4]HSLDGK,99.8669292595944
SVVPESDTSERSSM[UNIMOD:35]TSGSSESDIPQENK,25.540703491802862
C[UNIMOD:4]GMLIGPDKQAVASGLEVLVTSSTK,96.66258583062756
LDPQIASSAFPGLGSLGGQDSSGSLVQRR,83.66689732261669
M[UNIMOD:35]VVSAGPWSSEKAEM[UNIMOD:35]NILEINETLR,85.65497418427636
AYTQTWM[UNIMOD:35]ETGC[UNIMOD:4]GPHGVTALGQQELK,56.297303537983936
PIPSIPQDLESREAM[UNIMOD:35]SGFM[UNIMOD:35]DHLEEK,70.53015382977591
YILEPPPC[UNIMOD:4]ISAPENC[UNIMOD:4]THLC[UNIMOD:4]TM[UNIMOD:35]QEDC[UNIMOD:4]EK,65.39362325011976
PMPSVPEDLESREAM[UNIMOD:35]SGFM[UNIMOD:35]DHLEEK,63.519987225208915
ASLDTGQM[UNIMOD:35]AFTLAQLESLEIC[UNIMOD:4]LKEAEEKK,113.34965667748975
MC[UNIMOD:4]EEEDSTALVC[UNIMOD:4]DNGSGLC[UNIMOD:4]KAGFAGDDAPR,54.990152765209984
QQNVDQAVATLQGEGLSM[UNIMOD:35]TGTVC[UNIMOD:4]HVGK,61.75014637781444
LC[UNIMOD:4]PSSC[UNIMOD:4]DFC[UNIMOD:4]YEFPFPTVATTPPPPRTK,91.31314206632246
HVQGILRGFDPFM[UNIMOD:35]NLVIDEC[UNIMOD:4]VEM[UNIMOD:35]ATSGQQK,106.21440357694149
SVPC[UNIMOD:4]DSNEANEMMPETPTGDSDPQPAPKK,39.75164840803551
FEFQPHM[UNIMOD:35]GDM[UNIMOD:35]ASQLC[UNIMOD:4]AQQPVQSELLQR,71.85287698940756
TRYGIPGSIC[UNIMOD:4]DDYM[UNIMOD:35]ATLC[UNIMOD:4]C[UNIMOD:4]PHC[UNIMOD:4]TLC[UNIMOD:4]QIK,72.87219886091447
PMPSVPEDLESREAMSGFMDHLEEK,88.68898706552403
TWLDKGVWTQEDENSC[UNIMOD:4]SFSESDFPGC[UNIMOD:4]R,76.09517219353809
NVWDFLAATSVTFVGIMGMRSYYYGK,100.90053108243322
SPLNSC[UNIMOD:4]KDPYGGSEGTFSSR,34.760859578377826
GPASSHC[UNIMOD:4]QLTLSSSKTVSEDR,22.8810967840579
DPNC[UNIMOD:4]SC[UNIMOD:4]AAAGVSC[UNIMOD:4]TC[UNIMOD:4]ASSC[UNIMOD:4]K,17.214537287529986
APGSPHPHEAPQAAHGSSPGGLTK,3.609765596475425
SGPVVQTMYKAC[UNIMOD:4]PC[UNIMOD:4]GPC[UNIMOD:4]QR,36.328423627745785
VPSSLDIFTAYNETLQC[UNIMOD:4]SHEC[UNIMOD:4]VR,89.55455889098415
M[UNIMOD:35]LPSTSVNSLVQGNGVLNSR,71.21892705834311
GC[UNIMOD:4]SDRQPGALTQGHSC[UNIMOD:4]SR,0.732663145339922
ASVPVYTDETLHSTTGEYK,45.42136695421366
RIPGGVSTTEPSTSPSNNGEVTQPPR,29.233502908745713
TVSEDRPQAVSSGHTQC[UNIMOD:4]EK,0.7528967382981979
ESEDPQKPGSSGLSESC[UNIMOD:4]STANGEK,11.969782042774742
VNGSSPDTATSGGYHSPGDSATGIYGEGR,33.35204941044357
GSQC[UNIMOD:4]GSTTLSYTC[UNIMOD:4]YC[UNIMOD:4]C[UNIMOD:4]GESGRNAK,31.47618804553111
AQLC[UNIMOD:4]NPGRSASHAVPASK,9.427257016284106
C[UNIMOD:4]DPESVISQSHPSPSSEVTGPTFTENSVK,56.26879363946791
LEDSTITGSHQQMSASPSSAPAEEATEKTK,29.332346485631156
DPNC[UNIMOD:4]SC[UNIMOD:4]AAAGVSC[UNIMOD:4]TC[UNIMOD:4]ASSC[UNIMOD:4]KC[UNIMOD:4]K,12.385789393088661
MDPNC[UNIMOD:4]SC[UNIMOD:4]TTGGSC[UNIMOD:4]AC[UNIMOD:4]AGSC[UNIMOD:4]K,7.674442345975191
KLEDSTITGSHQQM[UNIMOD:35]SASPSSAPAEEATEK,21.456280945332036
C[UNIMOD:4]PAPPKC[UNIMOD:4]LPC[UNIMOD:4]PSQSPSSC[UNIMOD:4]PPQPC[UNIMOD:4]TK,30.86998623923347
PVC[UNIMOD:4]RPAC[UNIMOD:4]C[UNIMOD:4]VPVPSC[UNIMOD:4]C[UNIMOD:4]APTSSC[UNIMOD:4]QPSC[UNIMOD:4]C[UNIMOD:4]R,36.889387984278486
DPNC[UNIMOD:4]SC[UNIMOD:4]TTGGSC[UNIMOD:4]AC[UNIMOD:4]AGSC[UNIMOD:4]KC[UNIMOD:4]K,-3.797662191822779
LEDSTITGSHQQM[UNIMOD:35]SASPSSAPAEEATEKTK,22.211729875963446
DTTYTKIFVGGLPYHTTDASLR,75.07517455787168
VFQASPEDHEKYGGDPQNPHK,13.217145778059047
DAHATHLQSTEASVPAKSGPVVQTM[UNIMOD:35]YK,28.66367209432903
YPSSQLGEM[UNIMOD:35]SLEEHSQC[UNIMOD:4]EC[UNIMOD:4]RPK,30.549742228574345
SGPVVQTM[UNIMOD:35]YKAC[UNIMOD:4]PC[UNIMOD:4]GPC[UNIMOD:4]QR,23.722032516181642
SQDC[UNIMOD:4]LGLVAPLASATEVPSTAPM[UNIMOD:35]SGEKHR,71.56092083099382
GGGHGRGSQC[UNIMOD:4]GSTTLSYTC[UNIMOD:4]YC[UNIMOD:4]C[UNIMOD:4]GESGR,26.435608187433
ANGSSPETAASGGC[UNIMOD:4]HSSEASSSASSSLHAR,10.476352749312369
SSTAVHNSEIQETC[UNIMOD:4]DAHHRGHSR,-4.787868461407396
KTTVAATTTTTTTATPM[UNIMOD:35]TLQTK,26.805676075749062
KQVEVDAQQC[UNIMOD:4]MLEILDTAGTEQFTAM[UNIMOD:35]R,100.94796391621222
KVNGSSPDTATSGGYHSPGDSATGIYGEGR,26.759594312216507
AGDAAVITGAC[UNIMOD:4]DKDSQC[UNIMOD:4]GGGMC[UNIMOD:4]C[UNIMOD:4]AVSIWVK,74.86111818969471
C[UNIMOD:4]LMANSTWGYPFHDGDYLNDEALWNK,94.78874675093012
C[UNIMOD:4]YSTPSM[UNIMOD:35]YFEQPDSFQHYR,59.58921563630805
PGSSGLSESC[UNIMOD:4]STANGEKDSITLISM[UNIMOD:35]K,48.72075837113297
QTC[UNIMOD:4]MC[UNIMOD:4]DKNMVLC[UNIMOD:4]LM[UNIMOD:35]NQTYR,59.17002705323873
TMDIDHILDWQPPEVIQKYM[UNIMOD:35]PGGLC[UNIMOD:4]GYDR,105.16283573722033
EPGHPGKGTYWSLDPASQDM[UNIMOD:35]FDNGSFLR,78.24269914887113
DNYVPEVSALDQEIIEVDPDTKEM[UNIMOD:35]LK,94.60526986392132
LIRNVNLDWEDSM[UNIMOD:35]ALGC[UNIMOD:4]TTVIER,75.76830946434941
REGSGGSGGSAGLLQQILSLK,105.62662453493705
M[UNIMOD:35]WPPDPDPDPDPEPAGGSRPGPAVPGLR,66.75500739004127
C[UNIMOD:4]LYC[UNIMOD:4]WDIEPSQVNPEGPRQHHPSEVTER,61.16151062636971
YM[UNIMOD:35]AIC[UNIMOD:4]RPLHYEVIINQGVC[UNIMOD:4]LR,71.1762907089343
PSC[UNIMOD:4]C[UNIMOD:4]ISSC[UNIMOD:4]C[UNIMOD:4]RPSC[UNIMOD:4]C[UNIMOD:4]ISSC[UNIMOD:4]C[UNIMOD:4]K,21.224031443009547
EVPEDSLEEC[UNIMOD:4]AITC[UNIMOD:4]SNSHGPYDSNQPHK,44.40140665613374
DGC[UNIMOD:4]PVWYDIIGPLDPKGLLFSVTK,111.07270647226346
C[UNIMOD:4]SQLTTFYFGRNC[UNIMOD:4]M[UNIMOD:35]SMGALK,70.49844554304062
C[UNIMOD:4]GGC[UNIMOD:4]C[UNIMOD:4]PDDGLEC[UNIMOD:4]VPTGQHQVRMQILMIR,75.78105091483614
M[UNIMOD:35]DPNC[UNIMOD:4]SC[UNIMOD:4]TTGGSC[UNIMOD:4]AC[UNIMOD:4]AGSC[UNIMOD:4]KC[UNIMOD:4]K,-2.863559797866371
PQC[UNIMOD:4]C[UNIMOD:4]QSVC[UNIMOD:4]C[UNIMOD:4]QPTC[UNIMOD:4]C[UNIMOD:4]RPQC[UNIMOD:4]C[UNIMOD:4]QTTC[UNIMOD:4]C[UNIMOD:4]R,12.224147596962435
SQDC[UNIMOD:4]LGLVAPLASATEVPSTAPMSGEK,88.41547321747107
GWQLTQDSGGWEVQDQC[UNIMOD:4]TR,66.94715842242572
AKC[UNIMOD:4]ASNSESDNAAC[UNIMOD:4]EILLAEK,53.86858991355996
DPNC[UNIMOD:4]SC[UNIMOD:4]AAGGSYAC[UNIMOD:4]AGSC[UNIMOD:4]K,12.128122182743814
AQAWQQGSC[UNIMOD:4]ASLGTSAPSSASR,37.82034886694972
SGMDFDDEDGEGPSKFSR,43.98946237659215
SFC[UNIMOD:4]LDDQSPDLIETVNEVSK,89.78975906695995
SSSPATEQSWMENDFDELR,82.29576960458336
LEC[UNIMOD:4]SDVIMDHC[UNIMOD:4]SPQLTGLR,61.412207668239915
M[UNIMOD:35]AVSTEELEATVQEVLGR,113.43798059076207
AELYDTKNDNLFNIESNDR,66.23100925878562
VTSGMVLGGQEAPGSFC[UNIMOD:4]LC[UNIMOD:4]LNR,84.30098726277559
TNGMQAFSQGLNEQQQQQSPVK,53.33776663767967
MPLSDWC[UNIMOD:4]C[UNIMOD:4]GIC[UNIMOD:4]EEAPLGR,82.866131259911
DLAQPSQPVDELELSVLER,97.68786127167631
ESFLTNSSYESSFLELLEK,116.9804082050233
MDPNC[UNIMOD:4]SC[UNIMOD:4]AAGDSC[UNIMOD:4]TC[UNIMOD:4]AGSC[UNIMOD:4]K,7.628466882324863
DLSC[UNIMOD:4]SC[UNIMOD:4]ATGGSC[UNIMOD:4]TC[UNIMOD:4]ASSC[UNIMOD:4]K,13.752621617474043
SFVWLSC[UNIMOD:4]LDSDSC[UNIMOD:4]NLTFR,107.03360785717939
SDNTTLPAPASNQGPTTPR,33.08609136017187
MSC[UNIMOD:4]QQNQQQC[UNIMOD:4]QPPPSC[UNIMOD:4]PSPK,9.550360632257405
VSSC[UNIMOD:4]C[UNIMOD:4]GSVSSEQSC[UNIMOD:4]GLENC[UNIMOD:4]C[UNIMOD:4]R,21.151296600731825
SC[UNIMOD:4]QQNQQQC[UNIMOD:4]QPLPKC[UNIMOD:4]PSPK,13.297449223100177
SGQGEPLDDYVNTQGPSLFSVTK,85.02480945316897
MAVSTEELEATVQEVLGR,118.53157978469535
PPIFEGLSPTVYSNPEGFKEK,78.53087114430406
C[UNIMOD:4]EEETTALVC[UNIMOD:4]DNGSGLC[UNIMOD:4]K,44.5342472760755
IPEEC[UNIMOD:4]VAEEELPHLLTER,82.62183804422763
DEDGFLYMVC[UNIMOD:4]ASQETFGM[UNIMOD:35]K,102.11008235715381
PPIFEGLSPTVYSNPEGFK,90.88955956826436
ATDVSIQPITNTPM[UNIMOD:35]SGTR,44.46624595640876
PPPGTQGMLEQYLNRGGQK,63.01811171427122
DEDGFLYM[UNIMOD:35]VC[UNIMOD:4]ASQETFGM[UNIMOD:35]K,79.39226812324335
PKTEETVLQNDPSVAENGAPEPK,36.2064555731751
DPPATAAAATSPGSQPPK,16.77891499178024
DPALTVDLGDSEKVIAAK,70.80924855491331
GGC[UNIMOD:4]VSC[UNIMOD:4]GGSKGGC[UNIMOD:4]GSC[UNIMOD:4]GGSK,-11.932068136477572
LC[UNIMOD:4]LMEEAVSEFEPGMATK,99.08946749194334
QGGSGSGPFSPRLGVTGEK,43.5776766074991
EGSEC[UNIMOD:4]PQGMTSQGDSSSHSLK,14.798710931505447
YAGVHAENAEDYEGRDVFNTK,40.1856831210999
ARDNFEGGC[UNIMOD:4]LAELIGSPR,76.45436707853848
TRPGSFQSLSDALSDTPAK,62.97508823980766
ERSSSPATEQSWMENDFDELR,73.71988336999335
GGC[UNIMOD:4]GSC[UNIMOD:4]GGSKGGC[UNIMOD:4]VSC[UNIMOD:4]GGSK,-10.886234590004609
PIVC[UNIMOD:4]AAPSC[UNIMOD:4]QSSLC[UNIMOD:4]VPVSC[UNIMOD:4]R,59.051613893293776
TC[UNIMOD:4]HFC[UNIMOD:4]LVEDPSVGC[UNIMOD:4]ISGSEK,59.90348411730392
EQLC[UNIMOD:4]TSENSMTGRILDLK,66.24123996112333
IPATEQTNQVIEKASDSEEPEEK,41.44893714169752
SSMTSGSSESDIPQENKVSK,20.382116732313673
ERSFVWLSC[UNIMOD:4]LDSDSC[UNIMOD:4]NLTFR,94.34753695841219
LMTAVGQILEENMSLC[UNIMOD:4]HAR,92.18062258047411
PTLVVGTPPTC[UNIMOD:4]LGDTPQPC[UNIMOD:4]HK,58.45567548212186
APQFSNVSAIFSTSSEDYQK,81.57706276535886
SPLSC[UNIMOD:4]ETRVDLC[UNIMOD:4]DDLVPEAR,68.32574556243286
TNGMQAFSQGLNEQQQQQSPVKK,44.24522993503504
LSRELVEVVEPEVLQDSLDR,87.35229423499923
ALEELHQKTLDDLQAEEDK,47.923167425443765
IVC[UNIMOD:4]VAPSC[UNIMOD:4]QPSVC[UNIMOD:4]VPVSC[UNIMOD:4]R,57.54258529848073
MSEGGGQVSC[UNIMOD:4]IFAAPTRLC[UNIMOD:4]R,64.97640911166353
EGQRLNLTPTPDLGSPAK,51.256827703240184
GLLTSTPSSETAGFVIDLSSVQK,99.93106008378852
MSC[UNIMOD:4]QQNQQQC[UNIMOD:4]QPPPSC[UNIMOD:4]PSPKC[UNIMOD:4]PPK,8.514079652118582
SAVC[UNIMOD:4]VPVSC[UNIMOD:4]QSSVC[UNIMOD:4]VPVSC[UNIMOD:4]R,56.83666683717837
TNGM[UNIMOD:35]QAFSQGLNEQQQQQSPVKK,27.485814286471864
ATGFYQNNTLNTAPDRTR,35.06671401755365
ELVMPEEMVPLGDSNSHSM[UNIMOD:35]K,73.67025507768999
PQGPPPPGGNPQQPLPPPAGK,33.6462223131618
PAVC[UNIMOD:4]VPVRC[UNIMOD:4]QSSVC[UNIMOD:4]VPVSC[UNIMOD:4]R,48.145705443660894
GQEAKNPPPAPEC[UNIMOD:4]SGFSILSAAER,68.44851399048545
MTQYITELSDM[UNIMOD:35]VPTC[UNIMOD:4]SALAR,79.46651110993265
AVEILGNTEAAHPPSPIR,55.52713693795079
GDGPNVKGEFLPNLEPVK,68.47153307074531
DPVVHQEVVSLGDSNSHSLK,43.360274182822636
SC[UNIMOD:4]YGNLIEEC[UNIMOD:4]VESGKSYYK,65.52509079748324
SDGTWGTEAGPGWAPWPR,84.29075656043788
MDPNC[UNIMOD:4]SC[UNIMOD:4]EAGGSC[UNIMOD:4]AC[UNIMOD:4]AGSC[UNIMOD:4]K,9.026037137449482
ERSSSPATEQSWM[UNIMOD:35]ENDFDELR,58.384060565757835
M[UNIMOD:35]SDNTTLPAPASNQGPTTPR,33.35720497212134
LMTAVGQILEENM[UNIMOD:35]SLC[UNIMOD:4]HAR,77.37735945572663
DPVMPQNMIPLEDSNSHSLK,71.1980152437465
PASC[UNIMOD:4]SSPVNWAC[UNIMOD:4]PWC[UNIMOD:4]NAM[UNIMOD:35]NFPRNK,72.14297078008165
SSQSLLHSNGYNYLDWYLQK,85.51844084096373
SPFPQQPWSAVATQPC[UNIMOD:4]PR,70.00613842140264
EPVDTGPPAPTVAPGPEDSTAQER,42.493222159701254
ASSLMC[UNIMOD:4]FSC[UNIMOD:4]LNQKSNLYC[UNIMOD:4]LK,75.59721724896414
TLVGPSELPTASAVAPGPGTGAR,66.52769962657938
MSDNTTLPAPASNQGPTTPR,36.32603277297555
MC[UNIMOD:4]EEEDSTALVC[UNIMOD:4]DNGSGLC[UNIMOD:4]K,45.129129766134604
MSC[UNIMOD:4]QQNQQQC[UNIMOD:4]QPLPKC[UNIMOD:4]PSPK,18.167169676198274
EDPLLDKPTAQPIVQDHK,42.743874366975284
QPPVPGPLGLLDPAEGLSR,107.8140743490481
GC[UNIMOD:4]VSC[UNIMOD:4]GVSKGAC[UNIMOD:4]GSC[UNIMOD:4]GGSK,-1.079339096628985
MATPGFSC[UNIMOD:4]LLLSTSEIDLPM[UNIMOD:35]K,108.307330298225
DPNAQSSFSKSPWAM[UNIMOD:35]TER,44.905110235817695
IPESINVPLDEVGEALQM[UNIMOD:35]NPR,94.45994622292122
SSSPATEQSWMENDFDELREEGFR,90.61621678952113
SSHEPTEDAAPIVSPLASPDPR,56.72924446263236
REGALSSESGASSSSYSGESLR,26.748171261957133
M[UNIMOD:35]TQINC[UNIMOD:4]TQVTEFILVGLTDR,116.9830832051758
IPESINVPLDEVGEALQMNPRDFK,106.68452033727529
PWSALAGQAC[UNIMOD:4]SPQRAWGAQR,54.63450815898513
ATPGFSC[UNIMOD:4]LLLSTSEIDLPM[UNIMOD:35]K,102.89273108598907
TQFPSLDIEGDGGVGSDTVHK,66.73231367333368
SKSFC[UNIMOD:4]LDDQSPDLIETVNEVSK,77.68172285027367
PRGPDEDEEETAAAPGSR,10.52995038109366
C[UNIMOD:4]ASNSESDNAAC[UNIMOD:4]EILLAEK,64.22067624942453
MVDYYEVLDVPRQASSEAIK,79.34165430456801
QLQEQWEELSSQLFYYGGELQSQK,114.07169751285994
SDYLDWEC[UNIMOD:4]PNLEEHM[UNIMOD:35]QWK,72.97820438033624
LMTAVGQIPEENM[UNIMOD:35]SLC[UNIMOD:4]HAR,52.55511790884445
GGYGSC[UNIMOD:4]GGSKGGC[UNIMOD:4]VSC[UNIMOD:4]GGSK,-2.424676454038571
VFSAESGYGIPFC[UNIMOD:4]AEPC[UNIMOD:4]SR,75.91436902143333
IPESINVPLDEVGEALQMNPR,103.9413780756049
SVQEAPC[UNIMOD:4]SPQGPPAQRPALAPPSK,33.29326308251061
VSALTQMESAC[UNIMOD:4]VSIHEALK,80.32635940457313
VDYYEVLDVPRQASSEAIK,74.20328405545041
TPAEC[UNIMOD:4]LLTPLPPSAPPSADDNLK,78.28277661261446
AYGERYLASVQGSAPSPGK,42.4088188654151
NWILISTTTPKSLEDEIVGR,97.81574505089775
DEDGFLYMVC[UNIMOD:4]ASQETFGMK,112.32698732566155
IRAQAWQQGSC[UNIMOD:4]ASLGTSAPSSASR,36.405954268760546
SC[UNIMOD:4]QQNQQQC[UNIMOD:4]QPPPKC[UNIMOD:4]PAK,-5.6396746636656605
VGLSSLGSGPGHPPSGTR,37.21929510460893
HSRAPQGSGPSSPGSLSAPR,12.189881835388
DPMMC[UNIMOD:4]QEMVPLGDSNSHSLK,61.64253926032022
PVC[UNIMOD:4]SWVPAC[UNIMOD:4]SC[UNIMOD:4]TSC[UNIMOD:4]GSC[UNIMOD:4]GGSK,46.20440943270755
HGDLREVSLTSSAQGEAR,28.479717632615483
LHPEDFPEEDVYC[UNIMOD:4]C[UNIMOD:4]GAER,51.55762443091718
SSHEPMEDAAPIVSPLASPDPR,64.20533019591795
AEMNILEINETLRPQLAEK,83.12957184510718
M[UNIMOD:35]ATPGFSC[UNIMOD:4]LLLSTSEIDLPM[UNIMOD:35]K,103.01038416287278
PC[UNIMOD:4]SC[UNIMOD:4]FSGC[UNIMOD:4]GSSC[UNIMOD:4]C[UNIMOD:4]QSSC[UNIMOD:4]YK,21.793953654918408
GFSC[UNIMOD:4]LLLSTSEIDLPMAPVK,113.90863982812421
GGLGPAEGHC[UNIMOD:4]LNLFGVC[UNIMOD:4]R,71.81523007457766
VVSAGPWSSEKAEM[UNIMOD:35]NILEINETLR,85.38544171057343
ESYGADGTLC[UNIMOD:4]WNRFAQIR,73.54828445670043
EGSEC[UNIMOD:4]PQGMTSQGDSSSHSLKK,7.4607396797790155
RSDGTWGTEAGPGWAPWPR,73.73778709908436
GSAEEEKIDALLSSSQIR,73.96987855968605
GFSC[UNIMOD:4]LLLSTSEIDLPM[UNIMOD:35]APVK,103.86464780807204
LC[UNIMOD:4]LM[UNIMOD:35]EEAVSEFEPGMATK,76.8683820144253
LTLPEPQQDEILQRLLFSEMK,115.27019144084424
DPNAQSSFSKSPWAMTER,56.486265282111624
PAVC[UNIMOD:4]LPVSC[UNIMOD:4]QSSVC[UNIMOD:4]VPM[UNIMOD:35]SFK,73.68151823622692
TPDPLAC[UNIMOD:4]SPPPPKGFTPPPLR,69.29254693334698
VSHTEVQGSGSSRSPEALR,8.682968900613872
MPC[UNIMOD:4]PGAPC[UNIMOD:4]C[UNIMOD:4]SLVATGSRVPFSGLK,71.86812624686686
QLQEQWEELSSQLFYGGEPQSQK,101.1030386593838
TVHELDDAEDRAGM[UNIMOD:35]AETALNK,41.511074735280566
ARSGGTASSVDWIMEAAR,73.01797740891978
PPAC[UNIMOD:4]LLC[UNIMOD:4]GKAFSLSSDLR,78.72142970780082
MATPGFSC[UNIMOD:4]LLLSTSEIDLPMK,116.80392858969768
WSGPTAEHQLPM[UNIMOD:35]PPPGVR,47.9896669906389
DVPDPQQGVGM[UNIMOD:35]ETC[UNIMOD:4]PPQTTAR,33.43649291523863
PVC[UNIMOD:4]C[UNIMOD:4]C[UNIMOD:4]VPAC[UNIMOD:4]SC[UNIMOD:4]TSC[UNIMOD:4]GSC[UNIMOD:4]GGSK,20.694153153613996
MIASQVAVINLAAEPKVNR,72.21191069629316
QVMKAEIDDLNASM[UNIMOD:35]ETIQK,48.81284561919739
PTVC[UNIMOD:4]MGRQQGLPFC[UNIMOD:4]TVC[UNIMOD:4]GYR,63.34595119954985
TVHELDDAEDRAGMAETALNK,45.521510051665054
MQPPVPGPLGLLDPAEGLSR,111.81390352447696
LKNQTAEPLAPQPPAGPSK,29.275600572731612
PYC[UNIMOD:4]C[UNIMOD:4]QSSC[UNIMOD:4]C[UNIMOD:4]KPYC[UNIMOD:4]C[UNIMOD:4]QSSC[UNIMOD:4]C[UNIMOD:4]K,8.22241077583921
VDSLTAKLQGAEALDTVR,65.29489999488466
ELVMPEEMVPLGDSNSHSMK,75.85554248299147
PEGSPSQGGNKPQGPPPHPGK,-3.406823878459258
C[UNIMOD:4]YSTPSVYLGLTDSC[UNIMOD:4]QPYR,75.11003871241448
KM[UNIMOD:35]ETDLNEM[UNIMOD:35]EIQLDHANK,31.145045913449348
VFC[UNIMOD:4]IIFGESEDESYWAVLKETWTK,117.9270297502254
SDGTWGTEAGPGWAPWPRGAR,70.5713847255614
GLDC[UNIMOD:4]GYGC[UNIMOD:4]GYGYVSHSFC[UNIMOD:4]GC[UNIMOD:4]GYR,57.43490480988493
VWTSGQVEEYDLDADDINSRVEMK,69.11350964243695
M[UNIMOD:35]SC[UNIMOD:4]QQNQQQC[UNIMOD:4]QPLPKC[UNIMOD:4]PSPK,15.335822804235514
PAVC[UNIMOD:4]LPVSC[UNIMOD:4]QSSVC[UNIMOD:4]VPMSFK,84.16768308850826
NLC[UNIMOD:4]VEVYPAPRESYGADGTLC[UNIMOD:4]WNR,71.85395343904122
KLC[UNIMOD:4]LMEEAVSEFEPGM[UNIMOD:35]ATK,81.72029259808686
DKGVGVFM[UNIMOD:35]TVINPM[UNIMOD:35]LNPLIYSLR,113.62473783825263
DPVMQEGTAPPEFSRSHSLEK,40.18875645813085
DEDGFLYM[UNIMOD:35]VYASQETFGM[UNIMOD:35]K,91.34994117346157
DLIDQLGEGGRSVHELQK,61.82054409503102
PSC[UNIMOD:4]SQSSC[UNIMOD:4]C[UNIMOD:4]KPC[UNIMOD:4]C[UNIMOD:4]SQSSC[UNIMOD:4]C[UNIMOD:4]K,-7.337971251726436
EQLC[UNIMOD:4]TSENSM[UNIMOD:35]TGRILDLK,52.230293109621975
MDPNC[UNIMOD:4]SC[UNIMOD:4]ATGGSC[UNIMOD:4]TC[UNIMOD:4]TGSC[UNIMOD:4]K,8.655174177707297
SEQLPPC[UNIMOD:4]VNPGNPVFSC[UNIMOD:4]MLDPK,91.01925014583443
DEDGFLYMVYASQETFGMK,118.29824468367185
ARDPPATAAAATSPGSQPPK,12.442291106488762
GPELLVDYQM[UNIMOD:35]YDYSLDM[UNIMOD:35]WR,96.83103995089265
VVSAGPWSSEKAEMNILEINETLR,90.70540692618549
VVEPPEKDDQLVVLFPVQK,83.1039950892629
DPVMPQKM[UNIMOD:35]VPLGDSNSHSLK,36.400838917591685
PSPWQSSM[UNIMOD:35]STGEGSKEAQK,16.55420831008066
WSGPTAEHQLPMPPPGVR,57.28681774003787
MATQGFSC[UNIMOD:4]LLLSVSEIDLSM[UNIMOD:35]KR,110.49158524732722
SEQLPPC[UNIMOD:4]VNPGNPVFSC[UNIMOD:4]M[UNIMOD:35]LDPK,74.33372551025629
FWGVFNC[UNIMOD:4]LC[UNIMOD:4]AGAFGALAAASAK,119.01150766293685
DSVATVMYAVLTPM[UNIMOD:35]M[UNIMOD:35]NPFIYRLR,118.08877339979848
M[UNIMOD:35]PTLVVGTPPTC[UNIMOD:4]LGDTPQPC[UNIMOD:4]HK,59.3278428564121
GAC[UNIMOD:4]GSC[UNIMOD:4]GGSKGGC[UNIMOD:4]GSC[UNIMOD:4]GGC[UNIMOD:4]K,-12.84285641209269
QPPPAGPPVEGDGWLKSFQR,71.83045000253667
LTPEQPRIGASAGPGPPLPPAR,50.81172949114708
QVMKAEIDDLNASMETIQK,67.46301108341729
ATQGFSC[UNIMOD:4]LLLSVSEIDLSMKR,112.39155801329206
VPTC[UNIMOD:4]SC[UNIMOD:4]SSC[UNIMOD:4]GKGGC[UNIMOD:4]GSSGGSK,-8.650058826538446
M[UNIMOD:35]IASQVAVINLAAEPKVNR,65.08005524579262
MTPRGFSC[UNIMOD:4]LLLPTSETDLPVK,89.4572612409842
C[UNIMOD:4]LAFRNPGPQVADFNPETR,61.77515093095225
ATDVSIQPITNTPMSGTR,57.38187410510685
GGSKGGC[UNIMOD:4]GSC[UNIMOD:4]GC[UNIMOD:4]SQC[UNIMOD:4]SC[UNIMOD:4]YK,-8.469003553057219
M[UNIMOD:35]PC[UNIMOD:4]PGAPC[UNIMOD:4]C[UNIMOD:4]SLVATGSRVPFSGLK,67.17223387385543
PSPWQSSMSTGEGSKEAQK,30.02966903677937
EPGPWGKAC[UNIMOD:4]SLPMWSTGPEAR,74.56903166402374
M[UNIMOD:35]LAEWQQKC[UNIMOD:4]EELQVEVDSSQK,60.89314031408256
AEEQPMTGLGIVWHSPLLDK,95.9691032789401
ATDVSIQPITNTPM[UNIMOD:35]SGTRTTGTR,39.00711033812471
M[UNIMOD:35]PKTEETVLQNDPSVAENGAPEPK,35.808983401389405
PTVC[UNIMOD:4]M[UNIMOD:35]GRQQGLPFC[UNIMOD:4]TVC[UNIMOD:4]GYR,55.8647501150954
MPTLVVGTPPTC[UNIMOD:4]LGDTPQPC[UNIMOD:4]HK,69.08025985983937
NIGM[UNIMOD:35]VEIRGNSIIM[UNIMOD:35]LEALER,83.00680341705458
GFSC[UNIMOD:4]LLLPTSETDLPVKR,82.18067420328406
PLC[UNIMOD:4]C[UNIMOD:4]QTTC[UNIMOD:4]RPSC[UNIMOD:4]GVSSC[UNIMOD:4]C[UNIMOD:4]R,15.46344680635178
METDLNEM[UNIMOD:35]EIQLDHANKNNSELVK,47.265844800245546
ELVM[UNIMOD:35]PEEM[UNIMOD:35]VPLGDSNSHSM[UNIMOD:35]K,45.199242928027
ITAIM[UNIMOD:35]YTVVTPVLNPLIYTLRNK,116.96982552898127
GWQLTQDSGGWEVQDQC[UNIMOD:4]TRIWSK,74.21997869210087
ARSGGTASSVDWIM[UNIMOD:35]EAAR,55.49644483093764
DPM[UNIMOD:35]M[UNIMOD:35]C[UNIMOD:4]QEM[UNIMOD:35]VPLGDSNSHSLK,32.69220932016982
M[UNIMOD:35]VDYYEVLDVPRQASSEAIK,74.94245229935036
M[UNIMOD:35]WSDVSPFSFREVAPEQPSDLR,83.35101023492602
PASC[UNIMOD:4]SSPVNWAC[UNIMOD:4]PWC[UNIMOD:4]NAMNFPRNK,82.19014763330121
LMTAVGQIPEENMSLC[UNIMOD:4]HAR,62.796050948897644
AWNHAETLDPPGM[UNIMOD:35]GGPQDGR,35.132231827714975
MWSDVSPFSFREVAPEQPSDLR,86.69752928538544
AKGWQLTQDSGGWEVQDQC[UNIMOD:4]TR,55.32428275971788
SIRVFC[UNIMOD:4]IIFGESEDESYWAVLK,116.54816103125478
GVC[UNIMOD:4]GSC[UNIMOD:4]GGC[UNIMOD:4]KGGC[UNIMOD:4]GSC[UNIMOD:4]GGSK,-9.756988483587847
DPVM[UNIMOD:35]PQKMVPLGDSNSHSLK,46.8049000371215
KDPVMPQNM[UNIMOD:35]VPLEDSNSHSLK,38.79738094020154
KLC[UNIMOD:4]LM[UNIMOD:35]EEAVSEFEPGM[UNIMOD:35]ATK,60.53250805667809
PAPREDSLLEGFC[UNIMOD:4]GGLPPVEEGDR,81.70238886899587
YFKGPELLVDYQM[UNIMOD:35]YDYSLDM[UNIMOD:35]WR,98.35604815187995
ANPGTYKVQVM[UNIMOD:35]VPEAETR,43.38972264941401
GFQC[UNIMOD:4]C[UNIMOD:4]SSFC[UNIMOD:4]GIVC[UNIMOD:4]SSETFQKR,65.31261600466671
EPGPWGKAC[UNIMOD:4]SLPM[UNIMOD:35]WSTGPEAR,65.28722696813138
M[UNIMOD:35]ALLTALDDTLPEEAQGPGRR,89.37285794669803
M[UNIMOD:35]TQYITELSDMVPTC[UNIMOD:4]SALARK,81.63333162821628
DPVM[UNIMOD:35]PQKM[UNIMOD:35]VPLGDSNSHSLK,29.525806946646888
EC[UNIMOD:4]EPPSAGAAVTARPGQEIR,30.937040231342905
M[UNIMOD:35]PRM[UNIMOD:35]ILSNTTAVTPFLTK,67.90624524377252
C[UNIMOD:4]GNIVGYHVIVPC[UNIMOD:4]SSC[UNIMOD:4]LLSC[UNIMOD:4]NNR,72.60433791165084
DPM[UNIMOD:35]M[UNIMOD:35]C[UNIMOD:4]QEMVPLGDSNSHSLK,45.40385697478133
SFC[UNIMOD:4]LNGGLC[UNIMOD:4]YVIPTIPSPFC[UNIMOD:4]R,116.70929459307382
SSHEPM[UNIMOD:35]EDAAPIVSPLASPDPRTK,50.851142811687964
TDPNKM[UNIMOD:35]IINLALFGM[UNIMOD:35]TQSGK,83.62942143501087
DPMMC[UNIMOD:4]QEM[UNIMOD:35]VPLGDSNSHSLKK,39.635148751126906
VAGGGGAPGGGAGM[UNIMOD:35]RC[UNIMOD:4]C[UNIMOD:4]GC[UNIMOD:4]R,-4.677988643920407
VQQSTDERM[UNIMOD:35]DAM[UNIMOD:35]LLWQC[UNIMOD:4]PTQGTR,54.45192766611869
DPMMC[UNIMOD:4]QEMVPLGDSNSHSLKK,51.59555578103596
MATPGFSC[UNIMOD:4]LLLSTSEIDLPM[UNIMOD:35]KK,100.36856339820757
DPMMHQEMVPLGDSNSHSLK,49.30175456545093
GVGVFMTVINPM[UNIMOD:35]LNPLIYSLR,119.22363048204912
GQPKANPTVTLFPPSSEELQANK,62.92137705253465
PNLRLIGVPESDVENGTK,60.37491755872355
MEDEEKAVEILGNTEAAHPPSPIR,68.43347298085591
TYSSMATTPSMTKILEGC[UNIMOD:4]MYR,80.17034119392297
ATPGFSC[UNIMOD:4]LLLSTSEIDLPM[UNIMOD:35]KR,93.53675379814824
M[UNIMOD:35]TQYITELSDM[UNIMOD:35]VPTC[UNIMOD:4]SALARK,66.2751232963886
MTQYITELSDM[UNIMOD:35]VPTC[UNIMOD:4]SALARK,71.55864750115096
ATPGFSC[UNIMOD:4]LLLSTSEIDLPMK,113.32661611072811
DPM[UNIMOD:35]MHQEM[UNIMOD:35]VPLGDSNSHSLK,31.579620440943266
YFKGPELLVDYQMYDYSLDMWR,114.25465344434429
AKC[UNIMOD:4]ASNSESDNAAC[UNIMOD:4]EILLAEKK,48.210213713740266
VAGGGGAPGGGAGMRC[UNIMOD:4]C[UNIMOD:4]GC[UNIMOD:4]R,5.456344173304246
WPGPSQQPDPPWAAPHVVGSDDLK,75.26117622103197
MDLAQPSQPVDELELSVLERR,91.49917802407596
NKMTQYITELSDMVPTC[UNIMOD:4]SALAR,103.06252320093334
KELVM[UNIMOD:35]PEEMVPLGDSNSHSMK,56.965583072599046
DPM[UNIMOD:35]M[UNIMOD:35]HQEM[UNIMOD:35]VPLGDSNSHSLK,24.502532098828585
ELVMPEEMVPLGDSNSHSM[UNIMOD:35]KK,65.10051665046807
TC[UNIMOD:4]VGLPFSAEDSAHIQDHYTLLER,82.08092485549135
C[UNIMOD:4]PPKSSAQC[UNIMOD:4]LPPASSC[UNIMOD:4]C[UNIMOD:4]APR,19.653179190751445
RDPNC[UNIMOD:4]SC[UNIMOD:4]AAGGSYAC[UNIMOD:4]AGSC[UNIMOD:4]K,-11.208039454844352
LRWDHFNLTYR,64.83477376715811
NKEVHQALR,68.58998660499913
SHAGEKPYK,-2.67920691408236
IIPRHLQLAVR,40.34422624914702
SSSLIEHKR,15.907195390097808
HFHSFIQK,20.74961457780474
MEVM[UNIMOD:35]M[UNIMOD:35]YGLYR,51.63192679206914
IHAGDKPYK,-3.459583121504832
SC[UNIMOD:4]HLHSFMRR,8.103711235383836
M[UNIMOD:35]EVM[UNIMOD:35]M[UNIMOD:35]YGLYR,41.634468734112865
PQRPPPPGR,-8.174885612608037
VGQSRLEK,23.451360982637045
SKMNAEAHVR,13.779867819013731
FSKSHSQK,19.468243738468924
VEAKASHGQGR,-6.81240467717336
SC[UNIMOD:4]GKGDPADR,-3.073207930859176
LQKLWVGR,40.85475269795536
VPGPLAPRR,16.83979073470316
SSNLMEHKR,13.50025419420437
PRC[UNIMOD:4]SGSC[UNIMOD:4]HLPR,-3.0833756990340646
MPRPGSAQR,-3.7646161667513978
QLKC[UNIMOD:4]LAFR,37.69808173477898
GC[UNIMOD:4]VSC[UNIMOD:4]GVSK,28.66277453433417
SC[UNIMOD:4]C[UNIMOD:4]LSHHRC[UNIMOD:4]R,-5.012709710218606
KQAMQEAR,23.884087442806305
MSSSRVGLR,8.408522253392983
LGSEEASDK,22.35954204261127
QRQEGQLQR,83.65277071682766
HKEDLEQHSR,4.5297407219115415
NHTSC[UNIMOD:4]LVR,87.02454065256401
GNVAKTLR,17.900355871886124
SSGGSVTLSKR,22.30808337569903
GKDSLYAQGK,33.5127757980135
QGSVRFDR,7.8373391968054165
AHC[UNIMOD:4]ESKPR,59.913564333914636
HMVVTVTRLK,63.009578689311795
TLKMMPVDVC[UNIMOD:4]PR,45.103242601157525
VPFPQQRVLTTYSWRAQLGNGQK,95.91831576819065
SQTPSYQNLDPNPPIVR,55.07738679042175
DTPYC[UNIMOD:4]ETGLIFLTLTK,109.44429825610602
SSKDFFAC[UNIMOD:4]GHSGHWAR,27.945362773006728
AHTPQVHKNIPSVNAK,8.286486615793127
VVGAFPMAKLLYLGIR,105.4708992177595
MSAQAVVSTEAPWER,61.409468219984205
MANHTGKLDFILMGLFR,101.34440111953687
MVVGAFPMAKLLYLGIR,109.96339975599838
DILVLPLATDSFFVIGK,110.63081597014568
YVAIC[UNIMOD:4]HPLRYNVLMSLR,71.11212113963113
WQGLC[UNIMOD:4]WPMM[UNIMOD:35]DFLR,107.72911035093176
YVAIC[UNIMOD:4]KPLLYVIIMAEK,109.78877114082721
QHHPSEVTERQLANK,-0.07415735712748028
KSFNPWGLQC[UNIMOD:4]HQAHLTR,38.49245269478268
M[UNIMOD:35]VVGAFPMAKLLYLGIR,106.41341530512163
GEPLMLPPPVELGYR,90.18252278544601
HPGTSGHLWASLSVK,45.76185671039353
C[UNIMOD:4]HHSTSDNELEGRLVTK,18.115924694399922
C[UNIMOD:4]C[UNIMOD:4]YLHC[UNIMOD:4]GFKC[UNIMOD:4]VIPVK,49.86005789058201
MSSKDFFAC[UNIMOD:4]GHSGHWAR,36.954014703762425
YIAIC[UNIMOD:4]FPLHYLIR,101.24693671615972
RLSSFIVK,38.70789486329345
FSSVFLGLEHLQLLKIK,99.54787933880344
NHVVKHNHTAVTK,40.658786218826585
IWLLVPSHQPATHFK,63.769160540098966
EC[UNIMOD:4]VC[UNIMOD:4]MSGGIC[UNIMOD:4]MC[UNIMOD:4]GDNC[UNIMOD:4]K,49.19742602205582
RDTHFPIC[UNIMOD:4]IFC[UNIMOD:4]C[UNIMOD:4]GC[UNIMOD:4]C[UNIMOD:4]HR,57.393010071047534
PSC[UNIMOD:4]C[UNIMOD:4]ETTC[UNIMOD:4]C[UNIMOD:4]RTTC[UNIMOD:4]C[UNIMOD:4]R,-2.6788717505165542
QFFC[UNIMOD:4]NIPQLLSLLDPK,110.82936631342248
MWIQQLLGLSSMSIR,110.29351960385618
PPRLWSFR,55.415405314497136
YTIYWGFRATDHHVQGR,49.84331268090807
LDFILMGLFRR,108.04248498911562
NKIAGYVTHLMKK,39.47085137430329
VPYIEQHQFKLC[UNIMOD:4]IMR,63.32320646843528
YGGDPQNPHKLHIVTR,15.97493002894529
RALGIHLLWGTMK,70.15046766978446
IHLC[UNIMOD:4]HYC[UNIMOD:4]GERFDSR,23.48037095766661
APSM[UNIMOD:35]DAQQER,4.266974196338475
M[UNIMOD:35]ANITRMANHTGK,3.884964682139251
DASTSM[UNIMOD:35]TMSK,13.757385833552615
TYWKSC[UNIMOD:4]C[UNIMOD:4]PC[UNIMOD:4]C[UNIMOD:4]PPGC[UNIMOD:4]AK,25.151304930268164
MLMNM[UNIMOD:35]QTQHLAVFYK,60.14367401854789
PDRAATPHHR,48.19271344161903
GPC[UNIMOD:4]LGPKSHSR,12.853144511159487
C[UNIMOD:4]PIPKYPPK,23.098820658804396
SRSC[UNIMOD:4]AGISGK,5.165537456152998
ALGIHLLWGTMKGQFFK,91.56280649714135
LPHHSESR,0.891355533131518
QALYQFLHNGSHLRR,43.169150539434966
TNLSLLRISNWFINAR,102.92084300169846
QPTSAEKSVAK,10.322225677582948
RHFSTSGGGHHC[UNIMOD:4]GR,-5.36325144128412
PGVPAAAKR,-2.0590072557781967
TSQTQEAHK,-14.426955003229432
FTPQYKGTVTVHLWK,54.098988110901125
RPC[UNIMOD:4]IWIHVHLK,110.50886550382009
GYRSNYLYDNFLK,67.93292347439179
NFSLEISFTSVC[UNIMOD:4]NPR,69.9638781905605
TTC[UNIMOD:4]C[UNIMOD:4]HPSC[UNIMOD:4]C[UNIMOD:4]VSSC[UNIMOD:4]C[UNIMOD:4]R,-9.12159414396096
PLSDWC[UNIMOD:4]C[UNIMOD:4]GIC[UNIMOD:4]EEAPLGR,73.91149903582665
DNQINFFFC[UNIMOD:4]DLPPLLK,116.84258601441184
GPVATIPIVLLLK,116.94407794580333
PQGGNQPQRTPPPPGK,-2.999086572617478
M[UNIMOD:35]C[UNIMOD:4]YYSNYYGGLR,50.41227958898896
PC[UNIMOD:4]C[UNIMOD:4]C[UNIMOD:4]QSNC[UNIMOD:4]C[UNIMOD:4]VPVC[UNIMOD:4]C[UNIMOD:4]QC[UNIMOD:4]K,19.99898508068609
ETLLSLLLPWQNR,116.98721201664468
WAFIGVPYVSLLC[UNIMOD:4]ANKK,108.02039987820969
PPQGGNQSQGPPPRPGK,-4.014005886532022
APIGFHRVVEILHK,52.65401400588654
MAEELRQEQDHC[UNIMOD:4]MHLEK,25.35522175987009
NHIENILKAHMSR,39.010961128590274
ISLIM[UNIMOD:35]ELSTQVSLQTER,101.50715518116311
EAEHLGTSSSLHLRHK,9.146960316654827
IQPSQQDGGPPK,2.892520044656451
NHIENILKAHMGR,40.45975844920329
C[UNIMOD:4]IELHSHTLIQLER,52.69207348015834
EQRANLLGPAVLLVQER,88.27514462600222
ERVNIVEATEHFGYR,57.01816705571907
DVKETLLSLLLPWQNR,117.47437328732366
PC[UNIMOD:4]C[UNIMOD:4]C[UNIMOD:4]QSSC[UNIMOD:4]C[UNIMOD:4]QSSC[UNIMOD:4]FK,10.829189079468184
EHQAHLEALARAGER,18.29252822529494
NPLERPSPPAQR,111.9167829506533
HDDVIRFINNEVLR,76.31104909298492
WDHFNLTYRILSFPR,90.49020602862073
QVALRHLIHFLK,59.883293162501595
HLPSVC[UNIMOD:4]GGRFHPER,23.05135491728408
PDLPQLIGNHWQSRR,61.073195483952816
ALMHLNATLRGWK,57.90181403019156
ARSVHTWEPWSSSTAR,40.85303968334517
GPMWSVLLNTEEMKMK,93.2127270881965
TLLNSIQHKYVFQYK,61.35735126220981
MYC[UNIMOD:4]LQWLLPVLLIPK,117.53526844615854
HLVSQRHLVSQC[UNIMOD:4]PTGR,8.314726479244902
AFSWVSVLNKHK,65.88348726276261
PLTYSLKGSTQQSR,28.02445955546535
MPDPRPWTQSLELPAER,74.80970262864103
EMVPLGESHSHSLKK,17.050644473764333
M[UNIMOD:35]KVLENQMFIIWNK,81.07682939206333
HDFGFPEEEFDGHQFQK,62.97574342839744
KHPQVSVLNIFSDQDYK,73.18583172637776
KDPVVPQGTAPLMFSR,63.328681973867816
C[UNIMOD:4]PYALLHPHPLR,44.56256977570283
EHQDRIEELEEELEAER,71.73195980919517
PESPHERLGHFSQR,9.346695420525183
VLTPLLSWLLSR,117.16736019486451
LIDQAYKGM[UNIMOD:35]PMNIR,42.19019587942759
SPTPFFM[UNIMOD:35]ASLLC[UNIMOD:4]C[UNIMOD:4]GPK,88.7115599309855
GWKALSQDELWGLHR,68.17962704554104
PSC[UNIMOD:4]C[UNIMOD:4]PSC[UNIMOD:4]C[UNIMOD:4]QTTC[UNIMOD:4]C[UNIMOD:4]R,2.2683446665990057
HRVVGAVIDQGLITR,47.702651274895345
SALVC[UNIMOD:4]LTC[UNIMOD:4]VSAILIPR,114.46513752156704
PLC[UNIMOD:4]PPARASWAFSHR,47.06688318278696
YVAIC[UNIMOD:4]NPLHYPVLMSRK,70.29049854116452
GQTQDHEHHHLRPPNR,-9.797016137217092
YVAIC[UNIMOD:4]NPLHYPVLM[UNIMOD:35]SRK,63.8764843194966
MWLQDRIATFFFPK,114.31797422104944
M[UNIMOD:35]EVMM[UNIMOD:35]YGLYRLR,59.30681010859637
GSLNVHNC[UNIMOD:4]LIKFGR,51.91058560844414
EHLPLPSTRAWPYGVEK,60.21819104401877
VVGAVIDQGLITRHHLK,46.96689077762273
GPMWSVLLNTEEM[UNIMOD:35]KMK,86.61575154775196
M[UNIMOD:35]KVLENQM[UNIMOD:35]FIIWNK,66.94915254237289
MEVM[UNIMOD:35]M[UNIMOD:35]YGLYRLR,57.181276163896996
M[UNIMOD:35]EQLQDETNHLRK,15.20233413674997
HQKTHHLLSEPGGC[UNIMOD:4]AK,-2.126255962650967
NNSIQERHTDHSFPEK,5.143103623261949
AQWLTPVIPALWEAK,115.94570594951162
TKM[UNIMOD:35]DLESQISDMR,44.47037929722188
M[UNIMOD:35]DLESQISDMRER,46.77407078523405
NPDVQGALWQIFLGR,116.84130407205377
TPAFHPQRM[UNIMOD:35]ISR,13.88917081092053
DC[UNIMOD:4]PENM[UNIMOD:35]KC[UNIMOD:4]C[UNIMOD:4]PFSR,18.167055719070333
C[UNIMOD:4]NNEQWGLRHPQLLLPK,62.04201765959606
SC[UNIMOD:4]IDGLQPMHKAELVK,42.423627321627926
C[UNIMOD:4]ISVLLPVWSQNHRSVR,73.59687404851314
QWLLLMFHC[UNIMOD:4]VGSQDSK,100.31462498731352
KQGYVISLGHALSPR,53.011773064041414
PWAGWSGGRGIHR,34.7329696815933
LNFC[UNIMOD:4]GSNRIYHFFC[UNIMOD:4]DVK,75.98883673728277
WC[UNIMOD:4]ERPEWIHVDSR,49.72218698465051
TFFQLLLSFFVESK,35.30396833451741
ASWAFSHRFPSPLAPR,99.87567238404547
GGC[UNIMOD:4]GSC[UNIMOD:4]GGSKGGC[UNIMOD:4]GSC[UNIMOD:4]GC[UNIMOD:4]SQC[UNIMOD:4]NC[UNIMOD:4]C[UNIMOD:4]K,-10.075942222336245
MKAEGGDHSMINLSVQQVLSLWAHGTVLR,117.17679657233751
GGC[UNIMOD:4]GSC[UNIMOD:4]GGSKGGC[UNIMOD:4]GSC[UNIMOD:4]GC[UNIMOD:4]SQSSC[UNIMOD:4]C[UNIMOD:4]K,-11.489083305539163
AWWILM[UNIMOD:35]PIPTPLIM[UNIMOD:35]SDYQEPLKPNLK,117.47697359981527
VNSC[UNIMOD:4]C[UNIMOD:4]GSVC[UNIMOD:4]SDQGC[UNIMOD:4]DQGLC[UNIMOD:4]QETC[UNIMOD:4]C[UNIMOD:4]R,26.667008748749264
GGC[UNIMOD:4]GSC[UNIMOD:4]GGSKGGC[UNIMOD:4]GSC[UNIMOD:4]GC[UNIMOD:4]SQC[UNIMOD:4]SC[UNIMOD:4]YK,-2.9376298842907342
SVPC[UNIMOD:4]DSNEANEM[UNIMOD:35]MPETPTGDSDPQPAPKK,28.61944223516433
C[UNIMOD:4]HGQDGYPENFQGVYHPGDNRSC[UNIMOD:4]NQK,30.435898093747593
KQQNVDQAVATLQGEGLSMTGTVC[UNIMOD:4]HVGK,71.58580701439308
EYVSSTHFWGPAFSWGLPLAAFKDMK,115.49118711034711
SHTEEDC[UNIMOD:4]TEELFDFLHAKDHC[UNIMOD:4]VAHK,69.0689380916951
MSYNC[UNIMOD:4]C[UNIMOD:4]C[UNIMOD:4]GNFSSHSC[UNIMOD:4]EGYLC[UNIMOD:4]YSGYSR,53.88562485568412
VHWLRTQFPSLDIEGDGGVGSDTVHK,72.09123329142827
SQC[UNIMOD:4]C[UNIMOD:4]QSVC[UNIMOD:4]C[UNIMOD:4]QPTC[UNIMOD:4]C[UNIMOD:4]RPSC[UNIMOD:4]C[UNIMOD:4]ISSC[UNIMOD:4]C[UNIMOD:4]R,22.662082766759887
YGIPGSIC[UNIMOD:4]DDYMATLC[UNIMOD:4]C[UNIMOD:4]PHC[UNIMOD:4]TLC[UNIMOD:4]QIK,83.12594607075968
IC[UNIMOD:4]SEFIYGGSQGNNNNFQTEAIC[UNIMOD:4]LVTC[UNIMOD:4]KK,83.1156836082818
LSIVLTPQFLSHDQSQLTKELQQHVK,89.5168945788542
AQQTGTRGHIHPAC[UNIMOD:4]PC[UNIMOD:4]QQSC[UNIMOD:4]VGASR,3.852754211683947
YGIPGSIC[UNIMOD:4]DDYMATLC[UNIMOD:4]C[UNIMOD:4]PHC[UNIMOD:4]TLC[UNIMOD:4]QIKR,75.84216332709033
FWVDAELGSDIYLDGIITIVDSKYGLK,117.9695717987531
MNHTVQTFFSPVNSGQPPNYEMLKEEHK,61.88777997280448
PAINNISLMTLGVPC[UNIMOD:4]TALLIAELKR,117.81050363034609
VSWSGEPVGSISWSIRETAGNSGSTHEGR,70.64166046642893
LTSILPENFPVSPELWRQLEQHMGQR,109.55691818251788
ASLDTGQMAFTLAQLESLEIC[UNIMOD:4]LKEAEEK,117.2358057315853
TKIC[UNIMOD:4]SEFIYGGSQGNNNNFQTEAIC[UNIMOD:4]LVTC[UNIMOD:4]K,83.51335402929932
GVWLTDLVHVAAHEIGHALGLMHSQHGR,117.04338456012519
PMAVAEANQYTFHLEATENPGTLIK,76.29855219587652
RHRHLLFGDLLEDVGAAASTFPC[UNIMOD:4]GSVEPGYR,108.19970751981938
LMMHTQIAAQGFTIAAILLGLAATAMK,87.5336737050055
AFSTC[UNIMOD:4]SAHLTVVIIFYGTILFMYMK,78.0819457628858
FVAIC[UNIMOD:4]NPLLYMVTMSQK,110.36471097016
SASHAVPASK,9.17783864302532
C[UNIMOD:4]GEIGHVAINC[UNIMOD:4]SKAR,17.38984191052809
C[UNIMOD:4]YARLHPR,-0.9946662822545762
ESSDNQENRGK,-3.020037480178751
MSSHKTFR,12.77209168228341
M[UNIMOD:35]QIMFSSVVR,61.825476911248856
YPVIM[UNIMOD:35]NRR,14.194416414396233
C[UNIMOD:4]YRC[UNIMOD:4]GEIGHVAINC[UNIMOD:4]SK,24.328480130700108
NNDC[UNIMOD:4]C[UNIMOD:4]GC[UNIMOD:4]C[UNIMOD:4]GNEGC[UNIMOD:4]GK,-6.2058526740666
VGAAAVSGGGRC[UNIMOD:4]ESK,82.94892124357311
QHFSTSRGGHHC[UNIMOD:4]AR,-12.314641295468745
IHGQMQMPRTAFTK,73.41790399308059
KSTFNGNRPSSSDR,-7.1308442650521355
MNHVVKHNHTAVTK,-9.984863773965694
NDLTIQLQAEQENLMDAEER,83.99406619264414
DPNC[UNIMOD:4]SC[UNIMOD:4]EAGGSC[UNIMOD:4]AC[UNIMOD:4]AGSC[UNIMOD:4]KC[UNIMOD:4]K,-2.056371169880813
LEHSNDPFNVYIESNAWQEKDK,67.50984705100007
KLEHSNDPFNVYIESDAWQEK,70.10333009361092
PSC[UNIMOD:4]C[UNIMOD:4]ISSSC[UNIMOD:4]C[UNIMOD:4]PSC[UNIMOD:4]C[UNIMOD:4]ESSC[UNIMOD:4]C[UNIMOD:4]R,18.295053455419716
GGC[UNIMOD:4]GSGC[UNIMOD:4]GGC[UNIMOD:4]GSSC[UNIMOD:4]C[UNIMOD:4]VPVC[UNIMOD:4]C[UNIMOD:4]C[UNIMOD:4]K,20.70182618036728
DPMMHQEMVPLGDSNSHSLKK,40.408716558391724
C[UNIMOD:4]EEC[UNIMOD:4]GKDFNQSSHLTTHK,7.901679265384812
GDNITSITEFLLLGFPVGPR,118.00347843879482
WLC[UNIMOD:4]PLALNLILMAASGAVC[UNIMOD:4]EVK,118.27714972632873
SHKSYSC[UNIMOD:4]QVTHEGSTVEK,1.415453300187712
VSSC[UNIMOD:4]C[UNIMOD:4]GSVC[UNIMOD:4]SDQGC[UNIMOD:4]GLETC[UNIMOD:4]C[UNIMOD:4]R,26.321039439357506
SPALSGHSIDYHFYPRLR,54.22016471430763
VKLSIVLTPQFLSHDQSQLTK,81.50033249782598
KDPMMHQEMVPLGDSNSHSLK,38.79559636751053
DPNC[UNIMOD:4]SC[UNIMOD:4]ATGGSC[UNIMOD:4]TC[UNIMOD:4]TGSC[UNIMOD:4]KC[UNIMOD:4]K,-3.0001534605350657
RGLFWFTLLQTAEEAWDR,118.46641771957644
SC[UNIMOD:4]C[UNIMOD:4]SC[UNIMOD:4]C[UNIMOD:4]PLGC[UNIMOD:4]AKC[UNIMOD:4]AQGC[UNIMOD:4]IC[UNIMOD:4]K,31.24712261496752
NPVVHKEMVSLGDSNSHSMK,25.666274489743717
MAASTMSIC[UNIMOD:4]SSAC[UNIMOD:4]TDSWR,57.18706839224513
ILGQLFPDAAHFLEEASEFK,117.69911504424779
MAVSTEELEATVQEVLGRLK,118.02393984347026
VAGTTGAHHHAQEPVVIR,8.818865415110743
KQLFPPPPGTSLTHALGAWR,78.1702388868996
HLILEAADGFLFVVAAETGR,117.7886336897028
GFSC[UNIMOD:4]LLLVISEIDLSVKR,118.07765103074328
ERINHTSSVSEFILLGLSSR,87.65156511592511
MDPNC[UNIMOD:4]SC[UNIMOD:4]AAGDSC[UNIMOD:4]TC[UNIMOD:4]AGSC[UNIMOD:4]KC[UNIMOD:4]K,5.749654713796101
LMTAVGQILEENMSLC[UNIMOD:4]HARHASK,74.6355312292189
EALAHHFGQGGLHLALLVQR,67.95999795385953
GC[UNIMOD:4]C[UNIMOD:4]GDSGC[UNIMOD:4]C[UNIMOD:4]GSSSTSC[UNIMOD:4]C[UNIMOD:4]C[UNIMOD:4]FPR,25.91436902143332
VLENQMFIIWNKMNHHGR,78.23162310092589
VPMMPKEMVPLGESHSHSLK,49.8849045987007
KSDYLDWEC[UNIMOD:4]PNLEEHMQWK,75.24170034272852
DPMMHQEM[UNIMOD:35]VPLGDSNSHSLKK,29.868535474960357
VAVLGVPHNPAPPTSTVIHIRSK,52.21703617269545
GKQEDAHEFLMFTVDAMEK,87.77942605759885
TC[UNIMOD:4]C[UNIMOD:4]HWGETALFMC[UNIMOD:4]NASRK,54.890275717428
NC[UNIMOD:4]TNISC[UNIMOD:4]SDSLSYASEDALK,55.77267379405597
PSC[UNIMOD:4]C[UNIMOD:4]ISSC[UNIMOD:4]C[UNIMOD:4]HPSC[UNIMOD:4]C[UNIMOD:4]ESSC[UNIMOD:4]C[UNIMOD:4]R,11.460944293825772
C[UNIMOD:4]EEEDSTALVC[UNIMOD:4]DNGSGLC[UNIMOD:4]K,42.321857895544525
AVSTEELEATVQEVLGRLK,117.27715488813352
PC[UNIMOD:4]SC[UNIMOD:4]SSGC[UNIMOD:4]GSSC[UNIMOD:4]C[UNIMOD:4]QSSC[UNIMOD:4]C[UNIMOD:4]K,-6.877589646529235
SYISSQTNGITLINWWAM[UNIMOD:35]AR,110.0721264514809
M[UNIMOD:35]NPLLILAFVGAAVAVPFDDDDK,118.40759118113459
HVDSMAELTEHVESLQRVK,62.75176297498859
AWNHAETLDPPGMGGPQDGR,47.85411018466418
FAAIC[UNIMOD:4]HPLNYPVIMNRGVFM[UNIMOD:35]K,73.11146060575314
PYC[UNIMOD:4]SQC[UNIMOD:4]SC[UNIMOD:4]C[UNIMOD:4]KPC[UNIMOD:4]C[UNIMOD:4]SSSGR,0.7621873241598037
ATQPPDLRPVETFLTGEPK,81.99907923678961
VFSLLYTVVTPLFNPVIYTM[UNIMOD:35]R,118.03928589697684
DPNC[UNIMOD:4]SC[UNIMOD:4]TTGVSC[UNIMOD:4]AC[UNIMOD:4]TGSC[UNIMOD:4]TC[UNIMOD:4]KEC[UNIMOD:4]K,11.26144559824032
MAMNFGDHASGFRHDDVIR,45.79168991933438
LAIPVFLTLHNVAEVIIC[UNIMOD:4]GYQK,118.39480280321244
DPNC[UNIMOD:4]SC[UNIMOD:4]AAGDSC[UNIMOD:4]TC[UNIMOD:4]AGSC[UNIMOD:4]K,3.2482479922246656
QNSLKSPALSGHSIDYHFYPR,49.96956014408198
FAAIC[UNIMOD:4]HPLNYPVIM[UNIMOD:35]NRGVFMK,73.62780704895391
KDPM[UNIMOD:35]MC[UNIMOD:4]QEMVPLGDSNSHSLK,44.2861527443859
DSVATVM[UNIMOD:35]YAVLTPM[UNIMOD:35]M[UNIMOD:35]NPFIYRLR,94.3910174433475
VFSWSSSLTTHKAIHAGEK,43.125665871848206
M[UNIMOD:35]ETDLNEMEIQLDHANKNNSELVK,61.3842140262929
ADGSYAAWLSRGSSTWLTAFVLK,116.08239054335144
VPVMPKEMVPLGDSNSHSLK,56.163998158473596
C[UNIMOD:4]DQLEERVSAMEDEMNEM[UNIMOD:35]K,70.02148447490922
MKQLFPPPPGTSLTHALGAWR,82.7510358586117
TQINC[UNIMOD:4]TQVTEFILVGLTDR,116.3741058292324
PLC[UNIMOD:4]C[UNIMOD:4]QTTC[UNIMOD:4]HPSC[UNIMOD:4]GMSSC[UNIMOD:4]C[UNIMOD:4]R,16.269374392552045
IHVQAHWGC[UNIMOD:4]WQNSAVWGC[UNIMOD:4]R,62.61957133357207
GC[UNIMOD:4]C[UNIMOD:4]GDSGC[UNIMOD:4]C[UNIMOD:4]GSSSTSC[UNIMOD:4]C[UNIMOD:4]C[UNIMOD:4]FPRR,15.691339710471125
MAPRGFSC[UNIMOD:4]LLLLTSEIDLPVK,115.87549235255001
KELVMPEEMVPLGDSNSHSM[UNIMOD:35]K,58.40647354269189
QLFPPPPGTSLTHALGAWRGR,80.69605803865862
GHIHPAC[UNIMOD:4]PC[UNIMOD:4]QQSC[UNIMOD:4]VGASRPPGR,7.491431786792164
YFKGPELLVDYQM[UNIMOD:35]YDYSLDMWR,104.12297304209935
AEEQPM[UNIMOD:35]TGLGIVWHSPLLDK,87.06583456954321
SFSLGDLSHSPQTAQHVERIVR,56.50905585713561
C[UNIMOD:4]YDQLFVQWDLLHVPC[UNIMOD:4]LKILLSK,118.19274643204255
NLVFLGIAAPKPDLIIFLEQGK,117.94976725152182
VALFSRLVNALSEDTGHSSYPSHR,87.14256483707607
YLAIC[UNIMOD:4]YPLHYPLLMGPRR,88.41628727812166
FWPNEKWAFIGVPYVSLLC[UNIMOD:4]ANK,116.44585400787764
AVEILGNTEAAHPPSPIRC[UNIMOD:4]C[UNIMOD:4]WLR,67.78194916544061
NTSLESYLC[UNIMOD:4]SFVHLNHPLHISDR,96.56504169011203
AMNFGDHASGFRHDDVIR,38.082796408097
LM[UNIMOD:35]TAVGQILEENMSLC[UNIMOD:4]HARHASK,65.34861118215767
C[UNIMOD:4]GHENLQLKIGC[UNIMOD:4]TNVDEC[UNIMOD:4]K,39.25980417026026
GHIHPAC[UNIMOD:4]PC[UNIMOD:4]QQSC[UNIMOD:4]VGASR,5.1306972223643115
M[UNIMOD:35]TDPNKM[UNIMOD:35]IINLALFGMTQSGK,93.88715535321501
HLGSPATSVPGMGLHPPGPPLAR,61.78321141746381
MASSHWNETTTSVYQYLGFQVQK,84.00173921939742
GTFGIPLWVQVLGPLIGVQVPKEK,118.5226865824339
GGC[UNIMOD:4]GSGC[UNIMOD:4]GGC[UNIMOD:4]SSSC[UNIMOD:4]GGC[UNIMOD:4]GSR,-7.688372806793186
TDPNKM[UNIMOD:35]IINLALFGMTQSGK,94.60841986802396
MAAAEHC[UNIMOD:4]HSSGLPYWLYLTAETLK,104.55010486469898
VPVMPKEM[UNIMOD:35]VPLGDSNSHSLK,43.55689716402009
LLEIQSLLDAIKSEVEAEER,118.24901529490002
LC[UNIMOD:4]LLLHLPSGTSVTLHHAR,71.43076372192952
LVAIC[UNIMOD:4]HPLRYSVIITGQQVVR,70.49721213361299
MDPNC[UNIMOD:4]SC[UNIMOD:4]EAGGSC[UNIMOD:4]AC[UNIMOD:4]AGSC[UNIMOD:4]KC[UNIMOD:4]K,4.905621770934573
C[UNIMOD:4]PTLNGQPQWSALFTLPPQR,101.8773338789708
QLFPPPPGTSLTHALGAWR,89.56673938410025
FAAIC[UNIMOD:4]HPLNYQM[UNIMOD:35]IM[UNIMOD:35]NKGVFM[UNIMOD:35]K,56.17167118522688
VMPSLAYC[UNIMOD:4]TFLLAVGLSR,117.90884444217096
TNSSHYGEFLPIPQFFPC[UNIMOD:4]NYTPK,102.12542841066039
LMTAVGQIPEENMSLC[UNIMOD:4]HARHASK,47.4202222109482
MVKLSIVLTPQFLSHDQSQLTK,87.93288659266459
PYC[UNIMOD:4]C[UNIMOD:4]ESSC[UNIMOD:4]C[UNIMOD:4]RPC[UNIMOD:4]C[UNIMOD:4]C[UNIMOD:4]QTTC[UNIMOD:4]C[UNIMOD:4]R,10.721776049925824
LVATAMKLHGVIDILSLSITNSK,105.28415775743005
MDPNC[UNIMOD:4]SC[UNIMOD:4]ATGGSC[UNIMOD:4]TC[UNIMOD:4]AGSC[UNIMOD:4]K,9.90076218732416
QFSC[UNIMOD:4]HSLPSSWDYRWNLTLSPR,81.83283032380174
AAMTELKSC[UNIMOD:4]IDGLQPMHK,57.47298462787276
FFNLWTLGLAPAASQGFSGLK,117.8423448769758
PYALLHPHPLRYLLLSAR,79.76764243315915
EWENQTILVEFFLKGHSVHPR,96.5548109877743
MAPVFYTMVIPMLNPLVYSLRNK,118.41526420788789
KLQTDLATANAITVLELNEK,82.91055755669423
SPFPQQPWSAVATQPC[UNIMOD:4]PRK,71.83231878868484
C[UNIMOD:4]KTNGMQAFSQGLNEQQQQQSPVK,76.40288505805924
AQWLTPVIPALWEAKGLTLLSR,118.21065016113357
MAPVFYTMVIPMLNPLVYSLR,118.28738042866642
KFLVFAFILALMVSMIGADSSEEK,85.86628472044607
MNPLLILAFVGAAVAVPFDDDDK,96.46785001790373
MDTQGFSC[UNIMOD:4]LLLLISEIDLSVK,105.92357665353727
QAQLQALETTAK,41.6618038817709
YC[UNIMOD:4]LQWLLPVLLIPK,117.16351642775594
DLQVQMDEDARQHEELR,41.33198021057973
YVAIC[UNIMOD:4]NPLHYPDLMSRK,68.79360649498922
VNIVEATEHFGYRNSK,54.22047443866549
IALVLTPLKWYQSMIR,115.08562729925156
KNVINHFSC[UNIMOD:4]EILAVMK,79.74121527337307
GNC[UNIMOD:4]HNFYTAISKDVTYK,50.09260433844983
ETLLSLLLPWQNRLR,117.4121527337308
C[UNIMOD:4]C[UNIMOD:4]EALKLMVQAWPFR,104.52365850564507
GC[UNIMOD:4]C[UNIMOD:4]GC[UNIMOD:4]SGGC[UNIMOD:4]GSGC[UNIMOD:4]GGR,-10.211087149562347
QIQHHSTGHC[UNIMOD:4]NPSMKAR,-10.775085627299251
RDEDSELVGVYAWR,79.30229608017252
VAGELQAQVEYNQRR,86.73855131295193
PAC[UNIMOD:4]C[UNIMOD:4]ISSC[UNIMOD:4]C[UNIMOD:4]HPSC[UNIMOD:4]C[UNIMOD:4]VSSC[UNIMOD:4]R,17.663723138175687
TLGSLLEWMEALHISGPQPQLQQVPR,116.4080445102343
PSC[UNIMOD:4]C[UNIMOD:4]ISSC[UNIMOD:4]C[UNIMOD:4]KPSC[UNIMOD:4]C[UNIMOD:4]QTTC[UNIMOD:4]C[UNIMOD:4]R,11.464447960798323
KAEGADLATPGTLPVLQPSLGPQPWEEGK,87.54785360624777
VVSVLYTEVIPM[UNIMOD:35]LNPLIYSLR,116.41314889490071
C[UNIMOD:4]C[UNIMOD:4]C[UNIMOD:4]SC[UNIMOD:4]C[UNIMOD:4]PVGC[UNIMOD:4]AKC[UNIMOD:4]AQGC[UNIMOD:4]VC[UNIMOD:4]K,18.28645806747996
WLC[UNIMOD:4]PLALNLILMAASGAAC[UNIMOD:4]EVK,116.84702159154713
IRQFFC[UNIMOD:4]NIPQLLSLLDPK,116.51013220356286
LVSVFYTILTPMLNPLIYSLRNK,117.04354040120464
KALNTC[UNIMOD:4]GSHVC[UNIMOD:4]AVLAYYVPMIGLSIVHR,108.53197896993517
PSC[UNIMOD:4]C[UNIMOD:4]ETTC[UNIMOD:4]C[UNIMOD:4]HPRC[UNIMOD:4]C[UNIMOD:4]ISSC[UNIMOD:4]C[UNIMOD:4]R,8.110867234954823
NRVVSVLYTEVIPMLNPLIYSLR,116.67602470522178
MDPNC[UNIMOD:4]SC[UNIMOD:4]AAAGVSC[UNIMOD:4]TC[UNIMOD:4]ASSC[UNIMOD:4]KC[UNIMOD:4]K,18.56975141646674
PSC[UNIMOD:4]C[UNIMOD:4]ISSC[UNIMOD:4]YRPQC[UNIMOD:4]C[UNIMOD:4]QPSC[UNIMOD:4]C[UNIMOD:4]R,25.28201725282017
MDPNC[UNIMOD:4]SC[UNIMOD:4]AAAGVSC[UNIMOD:4]TC[UNIMOD:4]ASSC[UNIMOD:4]K,23.648614159563063
PQC[UNIMOD:4]C[UNIMOD:4]QSVC[UNIMOD:4]C[UNIMOD:4]QPTC[UNIMOD:4]SRPSC[UNIMOD:4]C[UNIMOD:4]QTTC[UNIMOD:4]C[UNIMOD:4]R,12.880914705732222
KALNTC[UNIMOD:4]GSHVC[UNIMOD:4]AVLAYYVPM[UNIMOD:35]IGLSIVHR,98.22877852074932
ARSHTVTTTASSFAENFSTSSSSFAYDR,62.5363687407483
GVAILNTSVAPMLNPFIYTLRNQQVK,113.72824256035933
FSGFWYILATATDAQGFLPARDK,116.41825327956714
DSVATVM[UNIMOD:35]YAVLTPMMNPFIYSLRNK,116.18345158491144
SPWFPHFPQILPREWSWC[UNIMOD:4]GPER,104.68072073911489
PAC[UNIMOD:4]C[UNIMOD:4]VPVPSC[UNIMOD:4]C[UNIMOD:4]APTSSC[UNIMOD:4]QPSC[UNIMOD:4]C[UNIMOD:4]R,39.074064621509876
MENYNQTSTDFILLGLFPPSR,45.88841815119188
LHTPMYFFLRHLSITDLGYSTVIAPK,109.8463580215405
IDLIAIADFAAGAMENWDLVTYRMR,63.197386555050784
EIAHFFC[UNIMOD:4]DFPSLLILSC[UNIMOD:4]NDTSIFEK,27.859731509366544
PRQSHVSYPNPWGLPC[UNIMOD:4]SQSK,12.745648512071863
LSC[UNIMOD:4]AASGFTFSSSAMSWVR,57.62595069164412
LLDFGSLSNLQVTQPTVGMNFKK,79.24557194630188
AFTTC[UNIMOD:4]SSHLMVVGMYYGAGLFMYIR,51.145934357613186
KAFTTC[UNIMOD:4]SSHLMVVGMYYGAGLFMYIR,61.14287172681333
MASVFYTLLIPMLNPLIYSLR,110.47930172017763
FFVFALVLALMISMISADSHEKR,96.54688377316114
MTSEFFAAQLRSQISDHTTHPISYYK,69.71696517052183
QEC[UNIMOD:4]PLQGNAC[UNIMOD:4]PVTAYQHSFQVENQELSR,60.67000217533174
DDMLC[UNIMOD:4]AGSENHDSC[UNIMOD:4]QGDSGGPLVC[UNIMOD:4]K,41.210451260483886
PM[UNIMOD:35]PSVPEDLESREAM[UNIMOD:35]SGFMDHLEEK,60.78601986802986
SGGTASSVDWIMEAARGSLNVHNC[UNIMOD:4]LIK,93.57068619631158
PM[UNIMOD:35]PSVPEDLESREAMSGFMDHLEEK,73.48512314794672
WPALIEC[UNIMOD:4]GVNLTQPLC[UNIMOD:4]EWMIQVARDR,111.78788098518355
HVQGILRGFDPFMNLVIDEC[UNIMOD:4]VEM[UNIMOD:35]ATSGQQK,103.15423102023055
TC[UNIMOD:4]YHPTSVC[UNIMOD:4]LPGC[UNIMOD:4]LNQSC[UNIMOD:4]GSNC[UNIMOD:4]C[UNIMOD:4]QPC[UNIMOD:4]C[UNIMOD:4]R,46.885650061634394
RLC[UNIMOD:4]PSSC[UNIMOD:4]DFC[UNIMOD:4]YEFPFPTVATTPPPPR,86.74256157397336
MVSSAQLDFNLQALLGQLSQDDLC[UNIMOD:4]KFK,112.11901481642616
ELWMWNVEEEEHEVGIC[UNIMOD:4]TWGGQHC[UNIMOD:4]GC[UNIMOD:4]PAK,83.90012810286902
GEMQQYFTYHTHIERSC[UNIMOD:4]YGNLIEEC[UNIMOD:4]VESGK,64.84663911246463
DIAC[UNIMOD:4]LKC[UNIMOD:4]GNIVGYHVIVPC[UNIMOD:4]SSC[UNIMOD:4]LLSC[UNIMOD:4]NNR,75.47434317066686
PQMIMYKTNSSHYGEFLPIPQFFPC[UNIMOD:4]NYTPK,93.40391076305804
RSHGLC[UNIMOD:4]WLLC[UNIMOD:4]FVSQGQNQDVISAELWC[UNIMOD:4]R,108.43303603799576
HLLFGDLLEDVGAAASTFPC[UNIMOD:4]GSVEPGYRQR,99.05493921156308
RAFSTC[UNIMOD:4]ASHLTSVTLFYGTANMTYLQPK,73.63014526381939
AFSTC[UNIMOD:4]ASHLTSVTLFYGTANMTYLQPK,100.41331303023708
DSC[UNIMOD:4]QGDSGGPVVC[UNIMOD:4]NGQLQGIVSWGYGC[UNIMOD:4]AQKK,37.273100814540875
SVPC[UNIMOD:4]DSNEANEMMPETPTGDSDPQPAPK,51.09129142194184
PSTVEVLESIDKEIQALEEFR,117.42174420374411
NPLLILAFVGAAVAVPFDDDDK,117.89609862513318
DTQGFSC[UNIMOD:4]LLLLISEIDLSVK,117.73882603622343
DEGALDFQVLGLAAYLWELTR,117.95697833696921
KESLEVEWTLVLLAIPPR,117.4141342397646
EQSNYSVYADFILLGLFSNAR,117.43189082238344
SDYLDWEC[UNIMOD:4]PNLEEHMQWK,82.88519101009588
M[UNIMOD:35]ASVFYAIVIPM[UNIMOD:35]LNPLVYSLR,117.38876769316624
MATPGFSC[UNIMOD:4]LLLSTSEIDLPMKR,104.938866622698
DWKC[UNIMOD:4]FLAVPDPLLGVQHWLHLWR,115.61564608594186
SC[UNIMOD:4]C[UNIMOD:4]SC[UNIMOD:4]C[UNIMOD:4]PMSC[UNIMOD:4]AKC[UNIMOD:4]AQGC[UNIMOD:4]IC[UNIMOD:4]K,28.29130942113541
QEVKEALAHHFGQGGLHLALLVQR,67.85804880523565
SNEVHHFFC[UNIMOD:4]DIPAVMVLSC[UNIMOD:4]SDR,89.29785399015778
SC[UNIMOD:4]C[UNIMOD:4]SC[UNIMOD:4]C[UNIMOD:4]PVGC[UNIMOD:4]AKC[UNIMOD:4]AHGC[UNIMOD:4]VC[UNIMOD:4]K,7.78752980569225
DPM[UNIMOD:35]M[UNIMOD:35]HQEM[UNIMOD:35]VPLGDSNSHSLKK,15.602962812642682
HELVKEPPVIC[UNIMOD:4]SHFAQDLWPEQGR,70.31099386129573
MPKTEETVLQNDPSVAENGAPEPK,41.71528588098017
DEDGFLYM[UNIMOD:35]VC[UNIMOD:4]ASQETFGMK,89.16594794784638
LQLLEEAVSMHDGNVITAVLIFLK,117.82760894931764
TDPNKMIINLALFGMTQSGK,105.96113845061134
HVDSM[UNIMOD:35]AELTEHVESLQRVK,43.68119324235199
LTFC[UNIMOD:4]NSNIIHHFYC[UNIMOD:4]DIIPLLK,111.49104560905079
GVGVFMTVINPMLNPLIYSLR,117.546040282076
QVM[UNIMOD:35]KAEIDDLNASMETIQK,54.908426766779975
MATRGFSC[UNIMOD:4]LLLVISEIDLSVK,117.67033636040789
C[UNIMOD:4]HGQDGYPENFQGVYHPGDNR,37.24570037035158
AVAVTHSLWHLQIPVDC[UNIMOD:4]QAC[UNIMOD:4]NR,72.26421794936839
PSTTNVFTSAVDQTITPELPEEK,88.44807467911318
DSVATVMYAVLTPMMNPFIYRLR,117.70838618030541
QEDAHEFLMFTVDAMEKAC[UNIMOD:4]LPGHK,99.14007407031607
PSC[UNIMOD:4]C[UNIMOD:4]PSC[UNIMOD:4]C[UNIMOD:4]QTTC[UNIMOD:4]C[UNIMOD:4]RTTC[UNIMOD:4]C[UNIMOD:4]R,2.8867130028917862
MVAAEHRHSSGLPYWPYLTAETLK,74.25549185733854
LLDNSETC[UNIMOD:4]ADQSVIWKLSEDKK,64.00233372228705
SLVTVETDAHGSFC[UNIMOD:4]FKANPGTYK,59.03810055299073
FAAIC[UNIMOD:4]HPLNYPVIMNRGVFMK,78.64390441885243
MVSSC[UNIMOD:4]C[UNIMOD:4]GSVC[UNIMOD:4]SDQGC[UNIMOD:4]GLETC[UNIMOD:4]C[UNIMOD:4]R,31.97199533255542
LSC[UNIMOD:4]AASGFTFSNYAMHWVRQPPGK,78.63629445487292
FSDGWSMFYSFGLPGVALPGSPPR,117.14524884582214
MASVFYAIVIPMLNPLVYSLRNK,117.87834204251433
MDPNC[UNIMOD:4]SC[UNIMOD:4]AAGGSYAC[UNIMOD:4]AGSC[UNIMOD:4]K,21.254629394754197
C[UNIMOD:4]SGSC[UNIMOD:4]HLPRPPQHLSPPQPGR,30.176043833392523
C[UNIMOD:4]VENYTGARC[UNIMOD:4]EEVFLPGSSIQTK,60.0197859063467
SSHEPTEDAAPIVSPLASPDPRK,48.23956166607478
RYTFNVLFC[UNIMOD:4]TSC[UNIMOD:4]LC[UNIMOD:4]VSFLK,108.30500735629852
RC[UNIMOD:4]TISSSSLC[UNIMOD:4]MVITIYYDVK,42.382426056516664
HPFYSDHSRMLSYAASSQQATLK,80.02130789914261
EMFQGLLLLLLLSMGGTWASK,112.43721779716908
SVESFLKVAGMQYLHGVLGPIINK,109.2203587858725
LPQGLPAEENMSNTC[UNIMOD:4]LKSTGELVVQWHLK,78.4387702942823
ALNTC[UNIMOD:4]GSHVC[UNIMOD:4]AVLAYYVPMIGLSIVHR,108.76518267896698
ELLEPILHQLRALLSVIR,111.31611615510064
HLSITDLGYSTVIAPKMLVNFIVHK,110.38142297300585
LEPEDFAVYYC[UNIMOD:4]QQYGSLGR,83.78161283255848
FARTPVTSTYLVAFVVGEYDFVETR,111.10921792468903
GIAVLITSVTPLLNPFIYTLR,111.56682812842296
FLLLENVVSQYTHPC[UNIMOD:4]VLDLKK,95.78414429325998
NIIASVIYTAVTPMLNPFIYSLRNK,111.25039554073462
TMDIDHILDWQPPEVIQKYMPGGLC[UNIMOD:4]GYDR,106.77895966701556
EMLKLLDFGSLSNLQVTQPTVGMNFK,107.63332765377407
QHHHQSSFPGSLPQETNLTLKTR,75.29878538568265
AFSTC[UNIMOD:4]TAHLMVVVLFYGTALSMHLK,92.07214662999294
C[UNIMOD:4]LQNPLENLELTYGYLLEEDVK,29.593749239344742
